,Tournament,Date,Series,Court,Surface,Round,Best of,Winner,Loser,WRank,LRank,W1,L1,W2,L2,W3,L3,W4,L4,W5,L5,Wsets,Lsets,Comment,Duration,B365W,B365L,WServeRating,WAces,WDoubleFaults,W1stServe,W1stServePointsWon,W2ndServePointsWon,WServicePointsWon,WReturnRating,W1stServeReturnPointsWon,W2ndServeReturnPointsWon,WReturnPointsWon,LServeRating,LAces,LDoubleFaults,L1stServe,L1stServePointsWon,L2ndServePointsWon,LServicePointsWon,LReturnRating,L1stServeReturnPointsWon,L2ndServeReturnPointsWon,LReturnPointsWon
0,Qatar ExxonMobil Open,1/5/2019,ATP250,Outdoor,Hard,Final,3,Roberto Bautista Agut,Tomas Berdych,24,71,6,4,3,6,6,3,,,,,2,1,Completed,01:55:34,1.61,2.38,304,5,0,71%,72%,64%,69%,111,24%,48%,33%,275,3,3,62%,76%,52%,67%,88,28%,36%,31%
1,Qatar ExxonMobil Open,1/4/2019,ATP250,Outdoor,Hard,Semifinals,3,Roberto Bautista Agut,Novak Djokovic,24,1,3,6,7,6,6,4,,,,,2,1,Completed,02:35:31,5.00,1.19,297,7,0,75%,79%,50%,72%,106,33%,36%,34%,287,9,3,63%,67%,64%,66%,134,21%,50%,28%
2,Qatar ExxonMobil Open,1/4/2019,ATP250,Outdoor,Hard,Semifinals,3,Tomas Berdych,Marco Cecchinato,71,20,7,6,6,3,,,,,,,2,0,Completed,01:29:54,1.47,2.76,320,12,0,64%,76%,78%,77%,122,35%,45%,39%,263,5,4,62%,65%,55%,61%,88,24%,22%,23%
3,Qatar ExxonMobil Open,1/3/2019,ATP250,Outdoor,Hard,Quarterfinals,3,Novak Djokovic,Nikoloz Basilashvili,1,21,4,6,6,3,6,4,,,,,2,1,Completed,01:56:11,1.08,9.13,274,7,3,66%,72%,52%,65%,170,28%,57%,38%,253,4,3,66%,72%,43%,62%,146,28%,48%,35%
4,Qatar ExxonMobil Open,1/3/2019,ATP250,Outdoor,Hard,Quarterfinals,3,Marco Cecchinato,Dusan Lajovic,20,48,7,6,6,2,,,,,,,2,0,Completed,01:13:57,2.58,1.53,336,4,0,80%,77%,75%,76%,134,28%,57%,35%,277,6,1,77%,72%,43%,65%,48,23%,25%,24%
5,Qatar ExxonMobil Open,1/3/2019,ATP250,Outdoor,Hard,Quarterfinals,3,Roberto Bautista Agut,Stan Wawrinka,24,66,6,4,6,4,,,,,,,2,0,Completed,01:45:01,2.11,1.76,298,2,1,76%,74%,47%,67%,120,37%,49%,42%,260,7,0,59%,63%,51%,58%,79,26%,53%,33%
6,Qatar ExxonMobil Open,1/3/2019,ATP250,Outdoor,Hard,Quarterfinals,3,Tomas Berdych,Pierre-Hugues Herbert,71,55,6,2,6,4,,,,,,,2,0,Completed,01:11:00,1.50,2.68,314,6,0,67%,91%,50%,77%,172,39%,50%,42%,247,5,2,67%,61%,50%,58%,59,9%,50%,23%
7,Qatar ExxonMobil Open,1/2/2019,ATP250,Outdoor,Hard,2nd Round,3,Novak Djokovic,Marton Fucsovics,1,36,4,6,6,4,6,1,,,,,2,1,Completed,02:00:25,1.04,13.15,293,5,1,71%,74%,59%,69%,185,38%,50%,42%,246,6,3,62%,62%,50%,58%,131,26%,41%,31%
8,Qatar ExxonMobil Open,1/2/2019,ATP250,Outdoor,Hard,2nd Round,3,Marco Cecchinato,Guido Pella,20,58,,,,,,,,,,,0,0,Walkover,,2.02,1.79,,,,,,,,,,,,,,,,,,,,,,
9,Qatar ExxonMobil Open,1/2/2019,ATP250,Outdoor,Hard,2nd Round,3,Nikoloz Basilashvili,Andrey Rublev,21,68,6,3,6,4,,,,,,,2,0,Completed,01:01:23,2.01,1.81,259,8,8,60%,86%,33%,65%,241,32%,65%,47%,215,6,4,55%,68%,35%,53%,151,14%,67%,35%
10,Qatar ExxonMobil Open,1/2/2019,ATP250,Outdoor,Hard,2nd Round,3,Roberto Bautista Agut,Guillermo Garcia-Lopez,24,105,6,1,6,4,,,,,,,2,0,Completed,01:10:16,1.23,4.27,302,2,0,67%,76%,69%,73%,227,38%,82%,53%,194,2,4,65%,63%,18%,47%,91,24%,31%,27%
11,Qatar ExxonMobil Open,1/2/2019,ATP250,Outdoor,Hard,2nd Round,3,Tomas Berdych,Fernando Verdasco,71,28,4,6,6,3,7,5,,,,,2,1,Completed,02:13:33,1.70,2.19,273,3,2,66%,75%,50%,66%,146,33%,58%,42%,254,9,3,66%,67%,42%,58%,153,25%,50%,34%
12,Qatar ExxonMobil Open,1/2/2019,ATP250,Outdoor,Hard,2nd Round,3,Pierre-Hugues Herbert,Maximilian Marterer,55,74,6,3,6,7,7,6,,,,,2,1,Completed,02:29:41,1.70,2.18,319,9,2,66%,78%,68%,75%,83,23%,37%,28%,312,14,3,68%,77%,63%,72%,54,22%,32%,25%
13,Qatar ExxonMobil Open,1/2/2019,ATP250,Outdoor,Hard,2nd Round,3,Dusan Lajovic,Ricardas Berankis,48,116,7,6,0,6,7,5,,,,,2,1,Completed,02:11:24,1.72,2.14,255,8,2,73%,66%,44%,60%,146,26%,57%,38%,261,4,2,62%,74%,43%,62%,165,34%,56%,40%
14,Qatar ExxonMobil Open,1/2/2019,ATP250,Outdoor,Hard,2nd Round,3,Stan Wawrinka,Nicolas Jarry,66,43,6,4,7,6,,,,,,,2,0,Completed,01:28:36,1.38,3.11,311,5,1,49%,93%,65%,79%,97,19%,52%,30%,292,9,3,67%,81%,48%,70%,42,7%,35%,21%
15,Qatar ExxonMobil Open,1/1/2019,ATP250,Outdoor,Hard,1st Round,3,Novak Djokovic,Damir Dzumhur,1,47,6,1,6,2,,,,,,,2,0,Completed,00:55:33,1.04,13.47,313,3,2,62%,81%,69%,76%,219,35%,77%,54%,182,0,2,54%,65%,23%,46%,50,19%,31%,24%
16,Qatar ExxonMobil Open,1/1/2019,ATP250,Outdoor,Hard,1st Round,3,Pierre-Hugues Herbert,Dominic Thiem,55,8,6,3,7,5,,,,,,,2,0,Completed,01:26:26,3.88,1.27,310,6,0,65%,80%,59%,73%,162,32%,43%,37%,267,4,2,60%,68%,57%,63%,61,20%,41%,27%
17,Qatar ExxonMobil Open,1/1/2019,ATP250,Outdoor,Hard,1st Round,3,Stan Wawrinka,Karen Khachanov,66,11,7,6,6,4,,,,,,,2,0,Completed,01:42:36,2.93,1.42,295,7,1,57%,73%,59%,67%,102,22%,38%,27%,305,6,0,69%,78%,62%,73%,68,27%,41%,33%
18,Qatar ExxonMobil Open,1/1/2019,ATP250,Outdoor,Hard,1st Round,3,Marco Cecchinato,Sergiy Stakhovsky,20,134,6,4,6,2,,,,,,,2,0,Completed,01:22:37,2.19,1.69,303,5,3,75%,83%,43%,73%,158,41%,57%,46%,244,6,3,73%,59%,43%,54%,74,17%,57%,27%
19,Qatar ExxonMobil Open,1/1/2019,ATP250,Outdoor,Hard,1st Round,3,Ricardas Berankis,David Goffin,116,22,3,6,6,4,7,6,,,,,2,1,Completed,02:18:41,3.36,1.34,274,6,3,63%,67%,55%,63%,120,33%,46%,38%,281,11,2,64%,67%,54%,62%,131,33%,45%,38%
20,Qatar ExxonMobil Open,1/1/2019,ATP250,Outdoor,Hard,1st Round,3,Marton Fucsovics,Marius Copil,36,60,6,3,6,2,,,,,,,2,0,Completed,01:12:13,1.65,2.28,301,1,2,59%,75%,68%,72%,183,41%,58%,47%,217,0,3,64%,59%,42%,53%,57,25%,32%,28%
21,Qatar ExxonMobil Open,1/1/2019,ATP250,Outdoor,Hard,1st Round,3,Guillermo Garcia-Lopez,Mubarak Shannan Zayid,105,N/A,6,1,6,3,,,,,,,2,0,Completed,01:01:47,1.02,19.22,342,1,0,68%,81%,92%,85%,192,43%,59%,51%,205,6,2,53%,57%,41%,49%,27,19%,8%,15%
22,Qatar ExxonMobil Open,1/1/2019,ATP250,Outdoor,Hard,1st Round,3,Dusan Lajovic,Adrian Mannarino,48,42,6,3,7,6,,,,,,,2,0,Completed,01:35:59,1.73,2.13,274,3,1,75%,69%,47%,64%,174,32%,52%,39%,249,3,2,62%,68%,48%,61%,127,31%,53%,36%
23,Qatar ExxonMobil Open,1/1/2019,ATP250,Outdoor,Hard,1st Round,3,Guido Pella,Cem Ilkel,58,249,7,6,6,3,,,,,,,2,0,Completed,01:47:18,1.21,4.56,294,5,1,73%,75%,61%,71%,162,40%,59%,46%,238,3,1,65%,60%,41%,54%,182,25%,39%,29%
24,Qatar ExxonMobil Open,12/31/2018,ATP250,Outdoor,Hard,1st Round,3,Nikoloz Basilashvili,Albert Ramos-Vinolas,21,65,6,1,1,6,6,1,,,,,2,1,Completed,01:38:11,1.45,2.78,267,9,3,50%,82%,48%,65%,171,45%,53%,48%,226,5,2,61%,55%,47%,52%,138,18%,52%,35%
25,Qatar ExxonMobil Open,12/31/2018,ATP250,Outdoor,Hard,1st Round,3,Roberto Bautista Agut,Matteo Berrettini,24,54,6,1,6,4,,,,,,,2,0,Completed,01:09:20,1.35,3.30,318,3,2,67%,79%,71%,76%,235,39%,59%,47%,229,4,1,62%,61%,41%,53%,50,21%,29%,24%
26,Qatar ExxonMobil Open,12/31/2018,ATP250,Outdoor,Hard,1st Round,3,Fernando Verdasco,Paolo Lorenzi,28,109,6,3,6,4,,,,,,,2,0,Completed,01:29:18,1.24,4.17,272,9,0,67%,83%,33%,67%,180,48%,52%,49%,215,2,1,58%,53%,48%,51%,204,17%,67%,33%
27,Qatar ExxonMobil Open,12/31/2018,ATP250,Outdoor,Hard,1st Round,3,Tomas Berdych,Philipp Kohlschreiber,71,34,6,4,7,6,,,,,,,2,0,Completed,01:42:16,2.56,1.55,288,6,1,59%,77%,57%,68%,144,21%,55%,36%,262,3,4,58%,79%,45%,64%,125,23%,43%,32%
28,Qatar ExxonMobil Open,12/31/2018,ATP250,Outdoor,Hard,1st Round,3,Nicolas Jarry,Robin Haase,43,50,6,7,6,4,7,6,,,,,2,1,Completed,02:38:23,2.07,1.77,302,12,1,70%,68%,65%,67%,129,27%,42%,32%,289,12,5,69%,73%,58%,68%,100,32%,35%,33%
29,Qatar ExxonMobil Open,12/31/2018,ATP250,Outdoor,Hard,1st Round,3,Maximilian Marterer,Peter Gojowczyk,74,59,6,1,6,4,,,,,,,2,0,Completed,00:55:48,2.11,1.74,324,8,0,71%,88%,57%,79%,167,30%,57%,42%,231,6,4,54%,70%,43%,58%,55,12%,43%,21%
30,Qatar ExxonMobil Open,12/31/2018,ATP250,Outdoor,Hard,1st Round,3,Andrey Rublev,Andreas Seppi,68,37,7,5,6,1,,,,,,,2,0,Completed,01:15:45,1.50,2.62,273,10,3,51%,73%,62%,68%,203,37%,69%,51%,198,5,2,57%,63%,31%,49%,125,27%,38%,32%
31,Qatar ExxonMobil Open,12/30/2018,ATP250,Outdoor,Hard,2nd Round Qualifying,3,Maximilian Marterer,Marco Trungelliti,74,123,4,6,6,4,7,5,,,,,2,1,Completed,02:12:44,1.42,2.80,298,5,3,73%,76%,54%,70%,185,32%,41%,36%,274,8,3,55%,68%,59%,64%,89,24%,46%,30%
32,Qatar ExxonMobil Open,12/30/2018,ATP250,Outdoor,Hard,2nd Round Qualifying,3,Sergiy Stakhovsky,Mirza Basic,134,87,3,6,6,2,6,3,,,,,2,1,Completed,01:33:36,1.93,1.83,288,8,5,63%,89%,41%,71%,140,31%,43%,35%,271,7,3,65%,69%,57%,65%,127,11%,59%,29%
33,Qatar ExxonMobil Open,12/30/2018,ATP250,Outdoor,Hard,2nd Round Qualifying,3,Guillermo Garcia-Lopez,Marcos Baghdatis,105,124,4,6,6,2,6,4,,,,,2,1,Completed,02:09:39,2.03,1.75,276,2,0,59%,67%,63%,65%,153,28%,53%,38%,255,5,3,63%,72%,47%,63%,124,33%,37%,35%
34,Qatar ExxonMobil Open,12/30/2018,ATP250,Outdoor,Hard,2nd Round Qualifying,3,Ricardas Berankis,Paolo Lorenzi,116,109,6,4,7,6,,,,,,,2,0,Completed,01:54:05,1.55,2.41,289,5,1,59%,77%,59%,70%,144,29%,68%,40%,256,2,0,70%,71%,32%,60%,93,23%,41%,30%
35,Qatar ExxonMobil Open,12/29/2018,ATP250,Outdoor,Hard,1st Round Qualifying,3,Maximilian Marterer,Andrea Arnaboldi,74,176,3,6,6,2,6,3,,,,,2,1,Completed,01:39:38,1.25,3.82,310,12,0,73%,80%,61%,75%,152,37%,45%,41%,239,1,2,53%,63%,55%,59%,141,20%,39%,25%
36,Qatar ExxonMobil Open,12/29/2018,ATP250,Outdoor,Hard,1st Round Qualifying,3,Mirza Basic,Matthias Bachinger,87,130,6,3,6,3,,,,,,,2,0,Completed,01:08:31,1.95,1.80,281,1,1,57%,72%,64%,69%,174,41%,56%,47%,218,5,3,58%,59%,44%,53%,175,28%,36%,31%
37,Qatar ExxonMobil Open,12/29/2018,ATP250,Outdoor,Hard,1st Round Qualifying,3,Guillermo Garcia-Lopez,James Ward,105,186,7,6,6,2,,,,,,,2,0,Completed,01:51:53,1.39,2.85,277,5,3,56%,83%,46%,67%,146,31%,58%,42%,241,3,1,58%,69%,42%,58%,106,17%,54%,33%
38,Qatar ExxonMobil Open,12/29/2018,ATP250,Outdoor,Hard,1st Round Qualifying,3,Paolo Lorenzi,Jabor Al-Mutawa,109,N/A,6,1,6,0,,,,,,,2,0,Completed,01:00:28,1.01,15.35,291,6,3,44%,83%,61%,71%,252,54%,65%,58%,160,1,5,67%,46%,35%,42%,56,17%,39%,29%
39,Qatar ExxonMobil Open,12/29/2018,ATP250,Outdoor,Hard,1st Round Qualifying,3,Ricardas Berankis,Dennis Novak,116,140,6,4,6,3,,,,,,,2,0,Completed,01:32:58,1.99,1.79,269,3,1,59%,56%,75%,64%,202,45%,57%,50%,205,2,5,60%,55%,43%,50%,131,44%,25%,36%
40,Qatar ExxonMobil Open,12/29/2018,ATP250,Outdoor,Hard,1st Round Qualifying,3,Marco Trungelliti,Mousa Shanan Zayed,123,N/A,6,0,6,1,,,,,,,2,0,Completed,00:41:00,1.01,16.40,333,3,1,79%,77%,75%,76%,297,65%,78%,69%,145,0,2,74%,35%,22%,31%,48,23%,25%,24%
41,Qatar ExxonMobil Open,12/29/2018,ATP250,Outdoor,Hard,1st Round Qualifying,3,Marcos Baghdatis,Lukas Rosol,124,142,6,0,7,6,,,,,,,2,0,Completed,01:26:15,1.84,1.93,294,9,3,49%,85%,54%,70%,169,36%,50%,41%,242,3,3,62%,64%,50%,59%,61,15%,46%,30%
42,Qatar ExxonMobil Open,12/29/2018,ATP250,Outdoor,Hard,1st Round Qualifying,3,Sergiy Stakhovsky,Gian Marco Moroni,134,226,7,6,7,5,,,,,,,2,0,Completed,01:35:36,1.25,3.70,287,3,2,69%,78%,48%,69%,114,22%,43%,31%,273,2,5,58%,78%,57%,69%,115,22%,52%,31%
43,Brisbane International,1/6/2019,ATP250,Outdoor,Hard,Final,3,Kei Nishikori,Daniil Medvedev,9,16,6,4,3,6,6,2,,,,,2,1,Completed,02:04:39,1.61,2.37,255,3,3,57%,70%,52%,62%,162,37%,57%,46%,226,8,6,54%,63%,43%,54%,151,30%,48%,38%
44,Brisbane International,1/5/2019,ATP250,Outdoor,Hard,Semifinals,3,Kei Nishikori,Jeremy Chardy,9,40,6,2,6,2,,,,,,,2,0,Completed,01:06:35,1.18,5.18,313,2,2,70%,79%,64%,74%,242,44%,68%,54%,204,10,3,59%,56%,32%,46%,57,21%,36%,26%
45,Brisbane International,1/5/2019,ATP250,Outdoor,Hard,Semifinals,3,Daniil Medvedev,Jo-Wilfried Tsonga,16,239,7,6,6,2,,,,,,,2,0,Completed,01:22:58,1.67,2.25,321,10,1,63%,85%,74%,81%,156,31%,72%,44%,250,17,2,68%,69%,28%,56%,151,15%,26%,19%
46,Brisbane International,1/4/2019,ATP250,Outdoor,Hard,Quarterfinals,3,Daniil Medvedev,Milos Raonic,16,18,6,7,6,3,6,4,,,,,2,1,Completed,02:09:09,2.05,1.80,313,12,3,65%,71%,68%,70%,131,18%,50%,31%,302,29,5,60%,82%,50%,69%,61,29%,32%,30%
47,Brisbane International,1/4/2019,ATP250,Outdoor,Hard,Quarterfinals,3,Jo-Wilfried Tsonga,Alex de Minaur,239,31,6,4,7,6,,,,,,,2,0,Completed,01:46:11,2.45,1.58,302,12,2,63%,79%,60%,72%,145,37%,57%,42%,260,1,2,74%,63%,43%,58%,90,21%,40%,28%
48,Brisbane International,1/3/2019,ATP250,Outdoor,Hard,Quarterfinals,3,Kei Nishikori,Grigor Dimitrov,9,19,7,5,7,5,,,,,,,2,0,Completed,01:40:11,1.66,2.28,328,5,2,80%,79%,75%,78%,140,30%,52%,38%,262,8,5,66%,70%,48%,63%,154,21%,25%,22%
49,Brisbane International,1/3/2019,ATP250,Outdoor,Hard,Quarterfinals,3,Jeremy Chardy,Yasutaka Uchiyama,40,185,6,4,3,6,7,6,,,,,2,1,Completed,02:07:28,1.62,2.35,265,10,8,62%,76%,50%,66%,129,26%,50%,36%,270,12,6,60%,74%,50%,64%,149,24%,50%,34%
50,Brisbane International,1/2/2019,ATP250,Outdoor,Hard,2nd Round,3,Kei Nishikori,Denis Kudla,9,63,7,5,6,2,,,,,,,2,0,Completed,01:19:36,1.17,5.19,309,7,2,57%,84%,63%,75%,168,28%,67%,43%,237,5,3,60%,72%,33%,57%,54,16%,38%,25%
51,Brisbane International,1/2/2019,ATP250,Outdoor,Hard,2nd Round,3,Yasutaka Uchiyama,Kyle Edmund,185,14,7,6,6,4,,,,,,,2,0,Completed,01:33:46,4.32,1.23,316,15,0,64%,85%,52%,73%,133,30%,44%,35%,289,7,1,67%,70%,56%,65%,63,15%,48%,27%
52,Brisbane International,1/2/2019,ATP250,Outdoor,Hard,2nd Round,3,Daniil Medvedev,Andy Murray,16,240,7,5,6,2,,,,,,,2,0,Completed,01:21:41,1.87,1.94,311,16,2,63%,79%,65%,74%,205,31%,67%,43%,232,6,1,65%,69%,33%,57%,166,21%,35%,26%
53,Brisbane International,1/2/2019,ATP250,Outdoor,Hard,2nd Round,3,Milos Raonic,Miomir Kecmanovic,18,131,6,3,7,6,,,,,,,2,0,Completed,01:22:49,1.21,4.55,342,21,3,74%,87%,63%,81%,112,36%,33%,35%,286,3,0,62%,64%,67%,65%,51,13%,38%,19%
54,Brisbane International,1/2/2019,ATP250,Outdoor,Hard,2nd Round,3,Grigor Dimitrov,John Millman,19,38,6,3,6,4,,,,,,,2,0,Completed,01:28:13,1.44,2.85,263,6,2,56%,77%,46%,63%,196,51%,44%,49%,227,1,1,67%,49%,56%,51%,147,23%,54%,37%
55,Brisbane International,1/2/2019,ATP250,Outdoor,Hard,2nd Round,3,Alex de Minaur,Jordan Thompson,31,72,6,4,6,2,,,,,,,2,0,Completed,01:20:54,1.39,3.10,327,1,1,78%,76%,73%,76%,188,23%,82%,41%,236,5,0,70%,77%,18%,59%,51,24%,27%,24%
56,Brisbane International,1/2/2019,ATP250,Outdoor,Hard,2nd Round,3,Jeremy Chardy,Nick Kyrgios,40,35,6,7,6,2,6,3,,,,,2,1,Completed,01:39:49,3.11,1.38,332,17,5,69%,86%,65%,80%,152,19%,52%,28%,288,13,6,74%,81%,48%,73%,49,14%,35%,20%
57,Brisbane International,1/1/2019,ATP250,Outdoor,Hard,1st Round,3,Alex de Minaur,Alexei Popyrin,31,147,6,2,6,2,,,,,,,2,0,Completed,01:00:51,1.21,4.59,280,1,2,65%,89%,40%,72%,238,42%,78%,55%,180,5,5,63%,58%,22%,45%,108,11%,60%,28%
58,Brisbane International,1/1/2019,ATP250,Outdoor,Hard,1st Round,3,Nick Kyrgios,Ryan Harrison,35,62,7,6,5,7,7,6,,,,,2,1,Completed,02:08:21,1.44,2.83,343,44,3,67%,79%,62%,73%,55,22%,33%,26%,337,27,3,68%,78%,67%,74%,114,21%,38%,27%
59,Brisbane International,1/1/2019,ATP250,Outdoor,Hard,1st Round,3,Jeremy Chardy,Jan-Lennard Struff,40,57,4,6,6,3,6,4,,,,,2,1,Completed,01:39:15,2.20,1.68,301,15,4,60%,77%,60%,70%,102,22%,33%,27%,293,10,2,55%,78%,67%,73%,102,23%,40%,30%
60,Brisbane International,1/1/2019,ATP250,Outdoor,Hard,1st Round,3,Denis Kudla,Taylor Fritz,63,49,7,6,6,7,6,4,,,,,2,1,Completed,02:24:28,2.71,1.47,304,8,4,62%,79%,59%,72%,83,21%,47%,32%,303,22,4,59%,79%,53%,68%,62,21%,41%,28%
61,Brisbane International,1/1/2019,ATP250,Outdoor,Hard,1st Round,3,Andy Murray,James Duckworth,240,234,6,3,6,4,,,,,,,2,0,Completed,01:28:07,1.35,3.29,282,6,4,59%,72%,59%,67%,199,32%,59%,43%,242,8,2,61%,68%,41%,57%,99,28%,41%,33%
62,Brisbane International,1/1/2019,ATP250,Outdoor,Hard,1st Round,3,Jordan Thompson,Alex Bolt,72,154,6,3,6,0,,,,,,,2,0,Completed,01:17:06,1.36,3.20,288,1,2,69%,79%,54%,71%,218,48%,61%,55%,169,1,3,52%,52%,39%,45%,179,21%,46%,29%
63,Brisbane International,1/1/2019,ATP250,Outdoor,Hard,1st Round,3,Jo-Wilfried Tsonga,Thanasi Kokkinakis,239,146,7,6,6,4,,,,,,,2,0,Completed,01:42:19,2.26,1.65,291,11,1,54%,80%,57%,70%,144,26%,33%,28%,300,3,0,75%,74%,67%,72%,105,20%,43%,30%
64,Brisbane International,12/31/2018,ATP250,Outdoor,Hard,1st Round,3,Milos Raonic,Aljaz Bedene,18,67,6,0,6,3,,,,,,,2,0,Completed,00:47:28,1.22,4.44,343,18,0,76%,93%,56%,84%,239,47%,85%,58%,183,4,1,70%,53%,15%,42%,51,7%,44%,16%
65,Brisbane International,12/31/2018,ATP250,Outdoor,Hard,1st Round,3,Grigor Dimitrov,Yoshihito Nishioka,19,75,6,3,6,4,,,,,,,2,0,Completed,01:19:42,1.36,3.24,272,9,6,57%,86%,36%,64%,219,36%,50%,40%,250,1,1,70%,64%,50%,60%,102,14%,64%,36%
66,Brisbane International,12/31/2018,ATP250,Outdoor,Hard,1st Round,3,Miomir Kecmanovic,Leonardo Mayer,131,56,6,3,6,1,,,,,,,2,0,Completed,01:01:04,1.64,2.28,307,5,2,56%,88%,60%,76%,203,38%,65%,49%,210,6,2,59%,62%,35%,51%,52,12%,40%,24%
67,Brisbane International,12/31/2018,ATP250,Outdoor,Hard,1st Round,3,John Millman,Tennys Sandgren,38,61,7,6,6,7,6,0,,,,,2,1,Completed,02:33:38,1.41,2.96,283,8,2,69%,72%,50%,65%,144,30%,53%,40%,250,12,4,59%,70%,47%,60%,131,28%,50%,35%
68,Brisbane International,12/31/2018,ATP250,Outdoor,Hard,1st Round,3,Yasutaka Uchiyama,Ugo Humbert,185,102,6,4,7,6,,,,,,,2,0,Completed,01:30:44,2.75,1.47,344,12,0,74%,91%,67%,84%,184,22%,53%,35%,277,6,4,60%,78%,47%,65%,42,9%,33%,16%
69,Brisbane International,12/30/2018,ATP250,Outdoor,Hard,2nd Round Qualifying,3,Miomir Kecmanovic,Taro Daniel,131,77,7,5,6,7,6,3,,,,,2,1,Completed,02:07:15,1.62,2.25,313,13,4,63%,81%,66%,75%,186,22%,46%,32%,272,5,3,57%,78%,54%,68%,91,19%,34%,25%
70,Brisbane International,12/30/2018,ATP250,Outdoor,Hard,2nd Round Qualifying,3,Thanasi Kokkinakis,Christian Garin,146,84,6,2,6,4,,,,,,,2,0,Completed,01:14:10,1.45,2.70,325,12,1,65%,90%,59%,79%,199,33%,58%,44%,230,5,6,56%,67%,42%,56%,51,10%,41%,21%
71,Brisbane International,12/30/2018,ATP250,Outdoor,Hard,2nd Round Qualifying,3,Ugo Humbert,Christopher Eubanks,102,170,6,2,6,3,,,,,,,2,0,Completed,00:55:42,1.43,2.79,344,6,1,73%,93%,73%,88%,184,35%,52%,44%,225,6,4,48%,65%,48%,56%,34,7%,27%,12%
72,Brisbane International,12/30/2018,ATP250,Outdoor,Hard,2nd Round Qualifying,3,Yasutaka Uchiyama,Marc Polmans,185,166,6,2,6,2,,,,,,,2,0,Completed,01:03:41,1.84,1.91,336,16,1,67%,90%,64%,81%,195,36%,65%,49%,201,0,3,55%,64%,35%,51%,46,10%,36%,19%
73,Brisbane International,12/29/2018,ATP250,Outdoor,Hard,1st Round Qualifying,3,Christopher Eubanks,Bradley Klahn,170,76,3,6,6,4,7,6,,,,,2,1,Completed,01:49:04,3.18,1.34,289,11,4,64%,75%,56%,68%,170,24%,40%,29%,302,7,4,70%,76%,60%,71%,110,25%,44%,32%
74,Brisbane International,12/29/2018,ATP250,Outdoor,Hard,1st Round Qualifying,3,Taro Daniel,John-Patrick Smith,77,193,3,6,6,4,6,4,,,,,2,1,Completed,01:59:40,1.68,2.14,268,3,4,63%,75%,45%,64%,116,25%,48%,32%,283,5,2,68%,75%,52%,68%,126,25%,55%,36%
75,Brisbane International,12/29/2018,ATP250,Outdoor,Hard,1st Round Qualifying,3,Christian Garin,Christopher O'Connell,84,N/A,6,4,6,4,,,,,,,2,0,Completed,01:21:36,1.20,4.54,290,8,3,64%,77%,44%,65%,144,15%,59%,33%,277,12,1,60%,85%,41%,67%,79,23%,56%,35%
76,Brisbane International,12/29/2018,ATP250,Outdoor,Hard,1st Round Qualifying,3,Marc Polmans,Reilly Opelka,166,99,6,3,6,7,7,6,,,,,2,1,Completed,02:37:37,2.63,1.47,276,2,6,59%,69%,64%,67%,137,25%,51%,36%,278,20,5,58%,75%,49%,64%,111,31%,36%,33%
77,Brisbane International,12/29/2018,ATP250,Outdoor,Hard,1st Round Qualifying,3,Ugo Humbert,Blake Ellis,102,352,6,4,6,3,,,,,,,2,0,Completed,01:06:13,1.26,3.83,310,7,3,62%,94%,50%,77%,121,32%,42%,36%,275,9,3,66%,68%,58%,64%,56,6%,50%,23%
78,Brisbane International,12/29/2018,ATP250,Outdoor,Hard,1st Round Qualifying,3,Thanasi Kokkinakis,Peter Polansky,146,119,6,3,6,4,,,,,,,2,0,Completed,01:19:17,1.28,3.66,318,8,0,64%,81%,65%,75%,144,30%,63%,40%,254,4,4,70%,70%,37%,60%,54,19%,35%,25%
79,Brisbane International,12/29/2018,ATP250,Outdoor,Hard,1st Round Qualifying,3,Miomir Kecmanovic,Maverick Banes,131,297,6,2,6,0,,,,,,,2,0,Completed,00:55:04,1.30,3.50,292,3,2,64%,74%,53%,66%,247,43%,70%,57%,164,3,2,48%,57%,30%,43%,73,26%,47%,34%
80,Brisbane International,12/29/2018,ATP250,Outdoor,Hard,1st Round Qualifying,3,Yasutaka Uchiyama,Bjorn Fratangelo,185,136,7,6,6,4,,,,,,,2,0,Completed,01:21:05,2.41,1.55,288,8,1,70%,77%,53%,70%,139,24%,50%,35%,263,10,2,57%,76%,50%,65%,138,23%,47%,30%
81,Tata Open Maharashtra,1/5/2019,ATP250,Outdoor,Hard,Final,3,Kevin Anderson,Ivo Karlovic,6,100,7,6,6,7,7,6,,,,,2,1,Completed,02:44:58,1.27,3.90,333,21,6,63%,88%,67%,80%,65,11%,54%,24%,337,36,4,70%,89%,46%,76%,45,12%,33%,20%
82,Tata Open Maharashtra,1/4/2019,ATP250,Outdoor,Hard,Semifinals,3,Kevin Anderson,Gilles Simon,6,30,6,3,7,6,,,,,,,2,0,Completed,01:48:06,1.40,3.07,296,21,2,63%,80%,44%,66%,199,24%,55%,36%,263,1,0,61%,76%,45%,64%,95,20%,56%,34%
83,Tata Open Maharashtra,1/4/2019,ATP250,Outdoor,Hard,Semifinals,3,Ivo Karlovic,Steve Darcis,100,N/A,7,6,4,6,6,3,,,,,2,1,Completed,01:55:06,1.54,2.56,332,33,4,65%,90%,55%,78%,99,29%,47%,32%,302,3,2,84%,71%,53%,68%,111,10%,45%,22%
84,Tata Open Maharashtra,1/3/2019,ATP250,Outdoor,Hard,Quarterfinals,3,Kevin Anderson,Jaume Munar,6,81,6,3,6,3,,,,,,,2,0,Completed,01:08:47,1.30,3.68,298,14,1,65%,82%,50%,71%,241,38%,59%,47%,220,3,1,60%,62%,41%,53%,129,18%,50%,29%
85,Tata Open Maharashtra,1/3/2019,ATP250,Outdoor,Hard,Quarterfinals,3,Gilles Simon,Benoit Paire,30,52,3,6,7,6,6,4,,,,,2,1,Completed,02:19:00,1.57,2.48,267,4,4,71%,73%,43%,64%,126,25%,58%,40%,251,11,12,54%,75%,42%,60%,131,27%,57%,36%
86,Tata Open Maharashtra,1/3/2019,ATP250,Outdoor,Hard,Quarterfinals,3,Steve Darcis,Malek Jaziri,N/A,45,7,5,6,2,,,,,,,2,0,Completed,01:33:34,1.85,2.00,290,1,0,65%,64%,70%,66%,202,23%,59%,45%,223,6,0,39%,77%,41%,55%,101,36%,30%,34%
87,Tata Open Maharashtra,1/3/2019,ATP250,Outdoor,Hard,Quarterfinals,3,Ivo Karlovic,Ernests Gulbis,100,95,7,6,7,6,,,,,,,2,0,Completed,01:45:54,2.13,1.74,330,25,4,72%,85%,52%,76%,56,11%,45%,26%,309,10,3,58%,89%,55%,74%,63,15%,48%,24%
88,Tata Open Maharashtra,1/2/2019,ATP250,Outdoor,Hard,2nd Round,3,Kevin Anderson,Laslo Djere,6,93,7,6,7,6,,,,,,,2,0,Completed,02:08:34,1.33,3.38,316,20,2,67%,81%,59%,74%,103,25%,56%,36%,276,6,4,64%,75%,44%,64%,118,19%,41%,26%
89,Tata Open Maharashtra,1/2/2019,ATP250,Outdoor,Hard,2nd Round,3,Ernests Gulbis,Hyeon Chung,95,25,7,6,6,2,,,,,,,2,0,Completed,01:38:29,3.25,1.35,252,8,1,51%,72%,52%,62%,211,54%,44%,50%,205,0,3,56%,46%,56%,50%,181,28%,48%,38%
90,Tata Open Maharashtra,1/2/2019,ATP250,Outdoor,Hard,2nd Round,3,Gilles Simon,Ilya Ivashka,30,91,6,7,6,2,6,1,,,,,2,1,Completed,02:31:13,1.45,2.79,297,9,2,58%,68%,64%,66%,166,39%,50%,43%,237,4,5,63%,61%,50%,57%,68,32%,36%,34%
91,Tata Open Maharashtra,1/2/2019,ATP250,Outdoor,Hard,2nd Round,3,Malek Jaziri,Ramkumar Ramanathan,45,132,6,7,7,6,6,3,,,,,2,1,Completed,02:46:54,1.95,1.87,263,6,6,55%,76%,45%,62%,151,27%,57%,37%,273,20,8,69%,73%,43%,63%,111,24%,55%,38%
92,Tata Open Maharashtra,1/2/2019,ATP250,Outdoor,Hard,2nd Round,3,Benoit Paire,Jiri Vesely,52,89,6,4,6,2,,,,,,,2,0,Completed,01:11:58,1.55,2.48,281,11,6,42%,91%,55%,70%,173,44%,54%,48%,216,2,3,60%,56%,46%,52%,90,9%,45%,30%
93,Tata Open Maharashtra,1/2/2019,ATP250,Outdoor,Hard,2nd Round,3,Jaume Munar,Simone Bolelli,81,141,7,5,6,0,,,,,,,2,0,Completed,01:16:20,2.08,1.76,294,4,1,77%,81%,45%,72%,232,52%,62%,56%,197,1,1,67%,48%,38%,44%,185,19%,55%,28%
94,Tata Open Maharashtra,1/2/2019,ATP250,Outdoor,Hard,2nd Round,3,Steve Darcis,Michael Mmoh,N/A,103,4,6,7,6,6,2,,,,,2,1,Completed,03:09:19,2.45,1.57,269,5,5,62%,63%,58%,61%,119,35%,43%,38%,269,2,1,66%,65%,57%,62%,103,37%,42%,39%
95,Tata Open Maharashtra,1/2/2019,ATP250,Outdoor,Hard,2nd Round,3,Ivo Karlovic,Evgeny Donskoy,100,97,6,4,7,5,,,,,,,2,0,Completed,01:12:11,1.66,2.25,359,17,2,71%,86%,87%,86%,140,20%,52%,35%,265,8,3,51%,80%,48%,65%,27,14%,13%,14%
96,Tata Open Maharashtra,1/1/2019,ATP250,Outdoor,Hard,1st Round,3,Benoit Paire,Thiago Monteiro,52,120,7,6,6,3,,,,,,,2,0,Completed,01:27:37,1.35,3.23,306,18,3,56%,84%,51%,70%,147,24%,55%,33%,277,5,1,71%,76%,45%,67%,65,16%,49%,30%
97,Tata Open Maharashtra,1/1/2019,ATP250,Outdoor,Hard,1st Round,3,Simone Bolelli,Denis Istomin,141,92,6,4,6,4,,,,,,,2,0,Completed,01:22:35,2.12,1.73,295,3,1,70%,72%,61%,69%,201,34%,37%,35%,269,7,2,65%,66%,63%,65%,102,28%,39%,31%
98,Tata Open Maharashtra,1/1/2019,ATP250,Outdoor,Hard,1st Round,3,Laslo Djere,Arjun Kadhe,93,392,7,5,7,6,,,,,,,2,0,Completed,01:43:01,1.25,4.00,303,8,2,61%,86%,59%,76%,116,34%,44%,38%,276,6,1,66%,66%,56%,62%,96,14%,41%,24%
99,Tata Open Maharashtra,1/1/2019,ATP250,Outdoor,Hard,1st Round,3,Ilya Ivashka,Hubert Hurkacz,91,86,6,7,6,2,6,3,,,,,2,1,Completed,02:18:09,2.27,1.64,295,2,7,58%,75%,67%,72%,154,27%,56%,36%,269,9,3,68%,73%,44%,64%,58,25%,33%,28%
100,Tata Open Maharashtra,1/1/2019,ATP250,Outdoor,Hard,1st Round,3,Ivo Karlovic,Felix Auger-Aliassime,100,108,6,4,7,5,,,,,,,2,0,Completed,01:14:57,2.18,1.70,330,13,1,62%,85%,71%,80%,188,23%,47%,30%,285,7,3,70%,77%,53%,70%,44,15%,29%,20%
101,Tata Open Maharashtra,1/1/2019,ATP250,Outdoor,Hard,1st Round,3,Ramkumar Ramanathan,Marcel Granollers,132,96,4,6,6,4,6,3,,,,,2,1,Completed,01:57:52,2.31,1.62,287,9,6,71%,77%,50%,69%,174,33%,45%,36%,276,3,2,75%,67%,55%,64%,153,23%,50%,31%
102,Tata Open Maharashtra,1/1/2019,ATP250,Outdoor,Hard,1st Round,3,Jiri Vesely,Antoine Hoang,89,149,4,6,6,4,6,4,,,,,2,1,Completed,02:17:08,1.89,1.91,291,10,1,58%,79%,59%,70%,133,36%,39%,37%,282,6,3,74%,64%,61%,63%,115,21%,41%,30%
103,Tata Open Maharashtra,12/31/2018,ATP250,Outdoor,Hard,1st Round,3,Steve Darcis,Roberto Carballes Baena,N/A,73,6,3,6,4,,,,,,,2,0,Completed,01:33:43,2.38,1.59,266,6,2,59%,64%,59%,62%,222,31%,67%,46%,211,3,6,57%,69%,33%,54%,126,36%,41%,38%
104,Tata Open Maharashtra,12/31/2018,ATP250,Outdoor,Hard,1st Round,3,Jaume Munar,Radu Albot,81,98,6,2,7,6,,,,,,,2,0,Completed,01:43:56,1.96,1.86,284,4,1,74%,67%,50%,63%,156,38%,50%,43%,241,1,4,62%,62%,50%,57%,103,33%,50%,37%
105,Tata Open Maharashtra,12/31/2018,ATP250,Outdoor,Hard,1st Round,3,Evgeny Donskoy,Pablo Andujar,97,82,6,3,5,7,7,6,,,,,2,1,Completed,02:30:49,1.53,2.54,270,7,0,63%,71%,48%,62%,166,25%,51%,39%,241,1,8,48%,75%,49%,61%,138,29%,53%,38%
106,Tata Open Maharashtra,12/31/2018,ATP250,Outdoor,Hard,1st Round,3,Ernests Gulbis,Pedro Sousa,95,104,6,4,4,6,6,4,,,,,2,1,Completed,02:14:55,1.36,3.22,284,14,6,60%,74%,56%,67%,132,33%,49%,39%,261,1,2,64%,67%,51%,61%,105,26%,44%,33%
107,Tata Open Maharashtra,12/31/2018,ATP250,Outdoor,Hard,1st Round,3,Michael Mmoh,Prajnesh Gunneswaran,103,110,7,5,6,3,,,,,,,2,0,Completed,01:14:54,1.75,2.10,319,5,0,81%,87%,56%,81%,205,28%,61%,44%,225,2,2,51%,72%,39%,56%,117,13%,44%,19%
108,Tata Open Maharashtra,12/30/2018,ATP250,Outdoor,Hard,2nd Round Qualifying,3,Felix Auger-Aliassime,Gianluigi Quinzi,108,155,7,5,6,3,,,,,,,2,0,Completed,01:28:40,1.50,2.56,301,10,4,71%,74%,50%,67%,139,39%,30%,36%,276,1,0,64%,61%,70%,64%,76,26%,50%,33%
109,Tata Open Maharashtra,12/30/2018,ATP250,Outdoor,Hard,2nd Round Qualifying,3,Antoine Hoang,Thiago Monteiro,149,120,4,6,6,3,6,2,,,,,2,1,Completed,01:52:22,1.73,2.07,294,3,1,56%,73%,71%,72%,157,29%,45%,35%,260,1,2,59%,71%,55%,65%,88,27%,29%,28%
110,Tata Open Maharashtra,12/30/2018,ATP250,Outdoor,Hard,2nd Round Qualifying,3,Simone Bolelli,Sebastian Ofner,141,179,7,6,7,5,,,,,,,2,0,Completed,02:01:34,1.74,2.04,290,3,3,69%,71%,59%,67%,112,26%,53%,36%,271,5,0,62%,74%,47%,64%,111,29%,41%,33%
111,Tata Open Maharashtra,12/30/2018,ATP250,Outdoor,Hard,2nd Round Qualifying,3,Saketh Myneni,Egor Gerasimov,259,157,6,4,6,7,7,6,,,,,2,1,Completed,02:31:15,2.41,1.56,269,10,4,65%,68%,48%,61%,152,28%,57%,38%,262,8,2,65%,72%,43%,62%,122,32%,52%,39%
112,Tata Open Maharashtra,12/29/2018,ATP250,Outdoor,Hard,1st Round Qualifying,3,Felix Auger-Aliassime,Marcelo Arevalo,108,220,6,7,6,1,3,2,,,,,1,1,Retired,01:55:11,1.26,3.77,313,15,2,72%,70%,67%,69%,165,34%,62%,46%,231,7,4,58%,66%,38%,54%,121,30%,33%,31%
113,Tata Open Maharashtra,12/29/2018,ATP250,Outdoor,Hard,1st Round Qualifying,3,Sebastian Ofner,Ruben Bemelmans,179,117,5,7,6,3,6,1,,,,,2,1,Completed,01:41:06,2.18,1.66,259,9,7,54%,76%,49%,63%,201,36%,63%,47%,219,8,7,60%,64%,37%,53%,134,24%,51%,37%
114,Tata Open Maharashtra,12/29/2018,ATP250,Outdoor,Hard,1st Round Qualifying,3,Thiago Monteiro,Daniel Brands,120,182,7,6,7,5,,,,,,,2,0,Completed,01:32:34,1.86,1.90,293,4,5,68%,83%,52%,73%,189,21%,52%,34%,265,1,3,57%,79%,48%,66%,106,17%,48%,27%
115,Tata Open Maharashtra,12/29/2018,ATP250,Outdoor,Hard,1st Round Qualifying,3,Saketh Myneni,Jason Jung,259,121,6,1,5,7,6,2,,,,,2,1,Completed,01:52:56,1.78,2.00,281,12,1,58%,73%,54%,65%,169,43%,46%,44%,231,3,6,62%,57%,54%,56%,112,27%,46%,35%
116,Tata Open Maharashtra,12/29/2018,ATP250,Outdoor,Hard,1st Round Qualifying,3,Simone Bolelli,Brayden Schnur,141,172,6,3,7,6,,,,,,,2,0,Completed,01:35:45,1.81,1.96,315,2,0,62%,75%,76%,75%,119,32%,44%,37%,280,9,5,62%,68%,56%,63%,49,25%,24%,25%
117,Tata Open Maharashtra,12/29/2018,ATP250,Outdoor,Hard,1st Round Qualifying,3,Antoine Hoang,Andrej Martin,149,183,6,1,6,2,,,,,,,2,0,Completed,01:01:46,1.43,2.78,284,2,4,75%,86%,25%,71%,213,43%,63%,53%,183,2,3,47%,57%,38%,47%,89,14%,75%,29%
118,Tata Open Maharashtra,12/29/2018,ATP250,Outdoor,Hard,1st Round Qualifying,3,Gianluigi Quinzi,Sasi Kumar Mukund,155,295,6,1,6,1,,,,,,,2,0,Completed,00:54:49,1.70,2.11,311,3,1,67%,88%,54%,77%,250,48%,68%,58%,160,0,2,50%,52%,32%,42%,58,12%,46%,23%
119,Tata Open Maharashtra,12/29/2018,ATP250,Outdoor,Hard,1st Round Qualifying,3,Egor Gerasimov,Daniel Gimeno-Traver,157,189,6,3,3,6,6,2,,,,,2,1,Completed,01:50:25,1.22,4.21,262,5,6,57%,78%,44%,63%,145,33%,55%,43%,232,1,5,55%,67%,45%,57%,118,22%,56%,37%
120,Sydney International,1/12/2019,ATP250,Outdoor,Hard,Final,3,Alex de Minaur,Andreas Seppi,29,37,7,5,7,6,,,,,,,2,0,Completed,02:05:08,1.36,3.29,263,4,4,73%,75%,32%,63%,130,35%,45%,40%,249,5,3,52%,65%,55%,60%,209,25%,68%,37%
121,Sydney International,1/11/2019,ATP250,Outdoor,Hard,Semifinals,3,Andreas Seppi,Diego Schwartzman,37,19,7,6,6,4,,,,,,,2,0,Completed,01:42:06,2.68,1.50,262,3,1,61%,65%,62%,64%,174,40%,58%,46%,233,5,2,65%,60%,42%,54%,138,35%,38%,36%
122,Sydney International,1/10/2019,ATP250,Outdoor,Hard,Quarterfinals,3,Andreas Seppi,Stefanos Tsitsipas,37,15,4,6,6,4,6,4,,,,,2,1,Completed,02:09:55,3.54,1.32,300,2,0,57%,73%,75%,74%,134,24%,57%,36%,276,15,7,63%,76%,43%,64%,72,27%,25%,26%
123,Sydney International,1/10/2019,ATP250,Outdoor,Hard,Quarterfinals,3,Diego Schwartzman,Yoshihito Nishioka,19,75,6,1,3,6,7,6,,,,,2,1,Completed,01:48:52,1.74,2.13,294,7,1,61%,83%,59%,73%,157,34%,52%,39%,271,5,0,74%,66%,48%,61%,172,17%,41%,27%
124,Sydney International,1/10/2019,ATP250,Outdoor,Hard,Quarterfinals,3,Gilles Simon,John Millman,31,38,7,5,3,6,7,6,,,,,2,1,Completed,02:42:05,1.81,2.04,270,2,1,67%,70%,57%,66%,139,37%,46%,40%,264,5,0,66%,63%,54%,60%,142,30%,43%,34%
125,Sydney International,1/10/2019,ATP250,Outdoor,Hard,Quarterfinals,3,Alex de Minaur,Jordan Thompson,29,72,7,6,6,3,,,,,,,2,0,Completed,01:54:13,1.30,3.64,263,2,0,67%,70%,52%,64%,197,44%,56%,48%,229,2,3,70%,56%,44%,52%,148,30%,48%,36%
126,Sydney International,1/9/2019,ATP250,Outdoor,Hard,2nd Round,3,Stefanos Tsitsipas,Guido Andreozzi,15,80,6,3,6,4,,,,,,,2,0,Completed,01:14:15,1.15,5.76,295,8,1,68%,74%,56%,68%,171,33%,45%,39%,243,4,4,55%,67%,55%,61%,180,26%,44%,32%
127,Sydney International,1/9/2019,ATP250,Outdoor,Hard,2nd Round,3,Diego Schwartzman,Guillermo Garcia-Lopez,19,101,6,2,6,3,,,,,,,2,0,Completed,01:09:01,1.58,2.42,281,1,3,50%,82%,64%,73%,201,49%,55%,51%,204,2,3,65%,51%,45%,49%,166,18%,36%,27%
128,Sydney International,1/9/2019,ATP250,Outdoor,Hard,2nd Round,3,Gilles Simon,Sam Querrey,31,48,7,6,6,7,6,4,,,,,2,1,Completed,02:13:23,1.93,1.89,276,5,0,69%,79%,41%,68%,180,14%,63%,32%,279,22,5,63%,86%,37%,68%,130,21%,59%,32%
129,Sydney International,1/9/2019,ATP250,Outdoor,Hard,2nd Round,3,Alex de Minaur,Reilly Opelka,29,102,6,4,7,6,,,,,,,2,0,Completed,01:33:46,1.18,5.27,315,3,1,55%,88%,70%,80%,96,21%,52%,33%,293,17,3,62%,79%,48%,67%,42,12%,30%,20%
130,Sydney International,1/9/2019,ATP250,Outdoor,Hard,2nd Round,3,John Millman,Marton Fucsovics,38,35,6,3,6,4,,,,,,,2,0,Completed,01:18:10,2.08,1.76,300,0,2,68%,72%,72%,72%,192,29%,55%,40%,241,3,2,58%,71%,45%,60%,116,28%,28%,28%
131,Sydney International,1/9/2019,ATP250,Outdoor,Hard,2nd Round,3,Andreas Seppi,Martin Klizan,37,40,7,6,6,2,,,,,,,2,0,Completed,01:48:38,1.83,2.00,261,11,4,70%,74%,30%,61%,212,44%,61%,49%,227,1,2,73%,56%,39%,51%,149,26%,70%,39%
132,Sydney International,1/9/2019,ATP250,Outdoor,Hard,2nd Round,3,Yoshihito Nishioka,Andrey Rublev,75,84,6,3,6,1,,,,,,,2,0,Completed,01:04:57,2.42,1.58,275,1,1,68%,65%,55%,62%,230,44%,68%,55%,173,3,8,53%,56%,32%,45%,109,35%,45%,38%
133,Sydney International,1/8/2019,ATP250,Outdoor,Hard,2nd Round,3,Jordan Thompson,Taro Daniel,72,78,3,6,7,6,6,0,,,,,2,1,Completed,02:26:27,1.49,2.68,276,9,2,70%,73%,48%,65%,158,29%,59%,44%,234,5,3,51%,71%,41%,56%,160,27%,52%,35%
134,Sydney International,1/7/2019,ATP250,Outdoor,Hard,1st Round,3,Alex de Minaur,Dusan Lajovic,29,45,6,4,6,3,,,,,,,2,0,Completed,01:21:58,1.30,3.57,281,2,1,61%,79%,50%,68%,169,26%,67%,41%,240,4,1,64%,74%,33%,59%,114,21%,50%,32%
135,Sydney International,1/7/2019,ATP250,Outdoor,Hard,1st Round,3,Guido Andreozzi,Matthew Ebden,80,47,3,6,6,3,6,4,,,,,2,1,Completed,02:12:22,4.30,1.21,268,7,5,57%,74%,50%,63%,135,22%,59%,36%,264,11,6,62%,78%,41%,64%,123,26%,50%,37%
136,Sydney International,1/7/2019,ATP250,Outdoor,Hard,1st Round,3,Yoshihito Nishioka,Ryan Harrison,75,81,6,4,6,2,,,,,,,2,0,Completed,01:11:26,1.74,2.11,333,2,0,66%,71%,94%,79%,147,33%,54%,42%,239,6,4,58%,67%,46%,58%,35,29%,6%,21%
137,Sydney International,1/7/2019,ATP250,Outdoor,Hard,1st Round,3,Reilly Opelka,Albert Ramos-Vinolas,102,65,6,3,6,4,,,,,,,2,0,Completed,01:03:16,1.59,2.37,343,16,0,73%,92%,62%,84%,143,20%,61%,34%,264,3,1,66%,80%,39%,66%,46,8%,38%,16%
138,Sydney International,1/7/2019,ATP250,Outdoor,Hard,1st Round,3,Sam Querrey,Malek Jaziri,48,42,6,1,4,1,,,,,,,1,0,Retired,00:51:29,1.36,3.14,350,8,1,65%,100%,78%,92%,205,44%,62%,52%,175,0,6,54%,56%,38%,48%,22,0%,22%,8%
139,Sydney International,1/6/2019,ATP250,Outdoor,Hard,1st Round,3,Martin Klizan,Alexei Popyrin,41,147,7,6,4,6,7,6,,,,,2,1,Completed,02:41:36,1.68,2.21,275,3,2,54%,79%,53%,67%,88,26%,37%,30%,298,5,1,63%,74%,63%,70%,119,21%,47%,33%
140,Sydney International,1/6/2019,ATP250,Outdoor,Hard,1st Round,3,Jordan Thompson,Adrian Mannarino,72,42,6,3,6,3,,,,,,,2,0,Completed,01:18:47,1.64,2.29,301,6,1,66%,67%,63%,66%,197,50%,14%,40%,275,1,0,72%,50%,86%,60%,71,33%,38%,34%
141,Sydney International,1/5/2019,ATP250,Outdoor,Hard,1st Round Qualifying,3,Andrey Rublev,Evgeny Donskoy,68,97,6,1,6,4,,,,,,,2,0,Completed,01:11:29,1.34,3.21,306,5,4,63%,80%,62%,73%,177,34%,63%,47%,216,2,5,54%,66%,37%,53%,58,20%,38%,27%
142,Sydney International,1/5/2019,ATP250,Outdoor,Hard,1st Round Qualifying,3,Yoshihito Nishioka,Jason Kubler,75,113,5,7,6,1,6,3,,,,,2,1,Completed,01:58:29,1.35,3.11,284,1,0,65%,74%,59%,68%,165,39%,55%,44%,239,5,5,69%,61%,45%,56%,103,26%,41%,32%
143,Sydney International,1/5/2019,ATP250,Outdoor,Hard,1st Round Qualifying,3,Taro Daniel,Lukas Rosol,77,142,6,4,7,5,,,,,,,2,0,Completed,01:34:12,1.63,2.25,263,4,8,44%,74%,59%,66%,167,32%,48%,41%,233,2,7,46%,68%,52%,59%,90,26%,41%,34%
144,Sydney International,1/5/2019,ATP250,Outdoor,Hard,1st Round Qualifying,3,Reilly Opelka,Pablo Andujar,99,82,6,1,7,5,,,,,,,2,0,Completed,01:02:56,1.42,2.80,338,20,1,68%,92%,59%,81%,157,33%,41%,36%,251,1,6,64%,67%,59%,64%,49,8%,41%,19%
145,Sydney International,1/5/2019,ATP250,Outdoor,Hard,1st Round Qualifying,3,Christian Garin,Pedro Sousa,84,104,6,3,6,3,,,,,,,2,0,Completed,01:01:26,1.34,3.24,284,6,1,57%,74%,60%,68%,199,28%,70%,49%,204,3,5,49%,72%,30%,51%,177,26%,40%,32%
146,ASB Classic,1/12/2019,ATP250,Outdoor,Hard,Final,3,Tennys Sandgren,Cameron Norrie,63,93,6,4,6,2,,,,,,,2,0,Completed,01:18:56,2.22,1.69,281,7,2,60%,76%,52%,66%,163,41%,45%,42%,240,7,2,66%,59%,55%,58%,103,24%,48%,34%
147,ASB Classic,1/11/2019,ATP250,Outdoor,Hard,Semifinals,3,Cameron Norrie,Jan-Lennard Struff,93,58,7,5,4,6,6,3,,,,,2,1,Completed,01:54:29,1.65,2.28,291,17,5,74%,74%,44%,66%,138,26%,62%,39%,261,10,5,64%,74%,38%,61%,114,26%,56%,34%
148,ASB Classic,1/11/2019,ATP250,Outdoor,Hard,Semifinals,3,Tennys Sandgren,Philipp Kohlschreiber,63,34,6,4,6,2,,,,,,,2,0,Completed,01:11:01,2.93,1.43,323,9,0,70%,94%,50%,81%,161,33%,57%,42%,235,0,2,61%,67%,43%,58%,56,6%,50%,19%
149,ASB Classic,1/10/2019,ATP250,Outdoor,Hard,Quarterfinals,3,Philipp Kohlschreiber,Fabio Fognini,34,13,6,3,6,1,,,,,,,2,0,Completed,01:05:19,1.53,2.56,303,5,1,66%,77%,56%,70%,217,48%,52%,50%,195,0,7,52%,52%,48%,50%,67,23%,44%,30%
150,ASB Classic,1/10/2019,ATP250,Outdoor,Hard,Quarterfinals,3,Jan-Lennard Struff,Pablo Carreno Busta,58,24,7,6,6,7,7,6,,,,,2,1,Completed,02:59:14,1.81,2.04,298,22,3,64%,83%,44%,69%,103,31%,48%,36%,283,6,2,70%,69%,52%,64%,135,18%,56%,31%
151,ASB Classic,1/10/2019,ATP250,Outdoor,Hard,Quarterfinals,3,Cameron Norrie,Taylor Fritz,93,50,7,6,6,3,,,,,,,2,0,Completed,01:33:53,1.82,2.02,306,11,0,62%,81%,52%,70%,115,31%,54%,39%,273,6,3,65%,69%,46%,61%,67,19%,48%,30%
152,ASB Classic,1/10/2019,ATP250,Outdoor,Hard,Quarterfinals,3,Tennys Sandgren,Leonardo Mayer,63,54,6,3,7,6,,,,,,,2,0,Completed,01:33:57,1.68,2.24,315,11,1,62%,83%,60%,74%,95,33%,38%,35%,281,3,0,58%,68%,62%,65%,57,17%,40%,26%
153,ASB Classic,1/9/2019,ATP250,Outdoor,Hard,2nd Round,3,Taylor Fritz,John Isner,50,10,7,6,7,6,,,,,,,2,0,Completed,01:39:07,2.42,1.58,294,12,2,66%,79%,48%,69%,120,19%,60%,31%,304,26,4,70%,81%,40%,69%,106,21%,52%,31%
154,ASB Classic,1/9/2019,ATP250,Outdoor,Hard,2nd Round,3,Fabio Fognini,Peter Gojowczyk,13,60,6,2,3,6,7,6,,,,,2,1,Completed,02:04:14,1.61,2.35,266,5,4,70%,70%,47%,63%,149,27%,52%,39%,251,10,6,53%,73%,48%,61%,134,30%,53%,37%
155,ASB Classic,1/9/2019,ATP250,Outdoor,Hard,2nd Round,3,Tennys Sandgren,Marco Cecchinato,63,18,6,3,6,3,,,,,,,2,0,Completed,00:56:25,1.64,2.29,326,13,0,74%,89%,50%,79%,174,34%,57%,41%,249,4,1,71%,66%,43%,59%,61,11%,50%,21%
156,ASB Classic,1/9/2019,ATP250,Outdoor,Hard,2nd Round,3,Pablo Carreno Busta,David Ferrer,24,124,1,1,,,,,,,,,0,0,Retired,00:19:43,2.57,1.52,275,0,0,25%,100%,50%,63%,44,44%,0%,36%,338,0,0,82%,56%,100%,64%,50,0%,50%,38%
157,ASB Classic,1/9/2019,ATP250,Outdoor,Hard,2nd Round,3,Philipp Kohlschreiber,Ugo Humbert,34,98,6,4,6,4,,,,,,,2,0,Completed,01:12:27,1.59,2.39,358,3,0,70%,93%,92%,93%,127,32%,50%,39%,260,4,3,61%,68%,50%,61%,15,7%,8%,7%
158,ASB Classic,1/9/2019,ATP250,Outdoor,Hard,2nd Round,3,Leonardo Mayer,Matteo Berrettini,54,52,5,7,7,6,6,3,,,,,2,1,Completed,02:24:48,2.44,1.57,291,7,7,66%,72%,59%,68%,95,9%,47%,23%,304,6,2,63%,91%,53%,77%,91,28%,41%,32%
159,ASB Classic,1/9/2019,ATP250,Outdoor,Hard,2nd Round,3,Cameron Norrie,Joao Sousa,93,44,7,6,6,4,,,,,,,2,0,Completed,01:33:59,1.57,2.42,319,6,2,74%,78%,63%,74%,176,24%,43%,31%,297,9,1,66%,76%,57%,69%,59,22%,37%,26%
160,ASB Classic,1/9/2019,ATP250,Outdoor,Hard,2nd Round,3,Jan-Lennard Struff,Rubin Statham,58,360,6,2,6,1,,,,,,,2,0,Completed,01:03:55,1.21,4.57,318,12,0,60%,83%,63%,75%,232,37%,81%,52%,191,4,2,65%,63%,19%,48%,54,17%,37%,25%
161,ASB Classic,1/8/2019,ATP250,Outdoor,Hard,1st Round,3,Rubin Statham,Hyeon Chung,360,25,7,5,6,3,,,,,,,2,0,Completed,01:32:57,7.23,1.10,264,2,5,62%,74%,50%,65%,205,25%,73%,43%,225,2,1,62%,75%,27%,57%,144,26%,50%,35%
162,ASB Classic,1/8/2019,ATP250,Outdoor,Hard,1st Round,3,Leonardo Mayer,Steve Johnson,54,33,7,5,6,3,,,,,,,2,0,Completed,01:33:13,2.59,1.51,282,2,2,53%,71%,68%,69%,169,30%,67%,44%,229,4,4,63%,70%,33%,56%,121,29%,32%,31%
163,ASB Classic,1/8/2019,ATP250,Outdoor,Hard,1st Round,3,David Ferrer,Robin Haase,124,49,6,2,6,1,,,,,,,2,0,Completed,01:02:09,1.74,2.12,299,3,1,70%,75%,67%,73%,259,52%,65%,58%,159,1,4,54%,48%,35%,42%,122,25%,33%,28%
164,ASB Classic,1/8/2019,ATP250,Outdoor,Hard,1st Round,3,Peter Gojowczyk,Guido Pella,60,66,6,1,3,6,6,2,,,,,2,1,Completed,01:33:17,1.76,2.08,250,6,8,49%,66%,54%,60%,173,35%,52%,41%,241,8,1,63%,65%,48%,59%,125,34%,46%,40%
165,ASB Classic,1/8/2019,ATP250,Outdoor,Hard,1st Round,3,Ugo Humbert,Pablo Cuevas,98,90,7,5,6,1,,,,,,,2,0,Completed,01:08:39,1.62,2.32,291,6,3,59%,76%,63%,71%,213,44%,58%,49%,213,1,4,63%,56%,42%,51%,122,24%,38%,29%
166,ASB Classic,1/7/2019,ATP250,Outdoor,Hard,1st Round,3,Joao Sousa,Denis Shapovalov,44,27,4,6,6,4,6,4,,,,,2,1,Completed,02:20:07,2.76,1.46,240,3,3,59%,66%,42%,56%,151,38%,49%,42%,245,11,8,63%,62%,51%,58%,151,34%,58%,44%
167,ASB Classic,1/7/2019,ATP250,Outdoor,Hard,1st Round,3,Matteo Berrettini,Mackenzie McDonald,52,79,6,3,6,4,,,,,,,2,0,Completed,01:11:15,1.81,2.02,300,14,2,66%,80%,52%,70%,168,35%,50%,41%,241,2,3,61%,65%,50%,59%,111,20%,48%,30%
168,ASB Classic,1/7/2019,ATP250,Outdoor,Hard,1st Round,3,Taylor Fritz,Marius Copil,50,61,4,6,6,3,6,4,,,,,2,1,Completed,01:38:30,1.60,2.34,298,12,4,59%,88%,50%,73%,112,21%,48%,32%,284,10,2,60%,79%,52%,68%,85,12%,50%,27%
169,ASB Classic,1/7/2019,ATP250,Outdoor,Hard,1st Round,3,Philipp Kohlschreiber,Bradley Klahn,34,76,6,4,7,6,,,,,,,2,0,Completed,01:29:37,1.48,2.69,292,0,1,57%,77%,69%,74%,116,26%,39%,32%,270,2,3,55%,74%,61%,68%,163,23%,31%,26%
170,ASB Classic,1/7/2019,ATP250,Outdoor,Hard,1st Round,3,Cameron Norrie,Benoit Paire,93,55,6,3,6,2,,,,,,,2,0,Completed,00:57:51,1.67,2.23,323,2,1,79%,79%,64%,75%,177,40%,50%,45%,224,9,5,48%,60%,50%,55%,57,21%,36%,25%
171,ASB Classic,1/7/2019,ATP250,Outdoor,Hard,1st Round,3,Tennys Sandgren,Maximilian Marterer,63,70,6,3,6,4,,,,,,,2,0,Completed,01:15:03,2.50,1.55,267,6,1,53%,71%,58%,65%,195,42%,42%,42%,235,2,0,62%,58%,58%,58%,124,29%,42%,35%
172,ASB Classic,1/7/2019,ATP250,Outdoor,Hard,1st Round,3,Jan-Lennard Struff,Laslo Djere,58,91,7,6,2,0,,,,,,,1,0,Retired,01:05:07,1.45,2.78,259,0,5,51%,78%,50%,64%,154,39%,47%,42%,247,3,3,62%,61%,53%,58%,111,22%,50%,36%
173,ASB Classic,1/6/2019,ATP250,Outdoor,Hard,2nd Round Qualifying,3,Maximilian Marterer,Thomas Fabbiano,74,101,6,4,6,4,,,,,,,2,0,Completed,01:22:39,1.37,3.04,323,11,0,69%,73%,70%,72%,138,36%,42%,38%,260,0,2,60%,64%,58%,62%,57,27%,30%,28%
174,ASB Classic,1/6/2019,ATP250,Outdoor,Hard,2nd Round Qualifying,3,Bradley Klahn,Pablo Cuevas,76,88,6,7,7,6,7,6,,,,,2,1,Completed,02:33:11,1.65,2.21,303,9,3,63%,80%,60%,72%,86,27%,34%,30%,303,11,2,61%,73%,66%,70%,79,20%,40%,28%
175,ASB Classic,1/6/2019,ATP250,Outdoor,Hard,2nd Round Qualifying,3,Mackenzie McDonald,Laslo Djere,78,93,7,5,7,6,,,,,,,2,0,Completed,01:39:57,1.72,2.08,257,3,6,62%,73%,50%,64%,232,31%,68%,44%,236,7,3,65%,69%,32%,56%,152,27%,50%,36%
176,ASB Classic,1/6/2019,ATP250,Outdoor,Hard,2nd Round Qualifying,3,Ugo Humbert,Roberto Marcora,102,290,6,2,7,6,,,,,,,2,0,Completed,01:16:56,1.14,5.60,298,4,2,55%,83%,68%,76%,177,37%,50%,43%,234,1,2,52%,63%,50%,57%,109,17%,32%,24%
177,ASB Classic,1/5/2019,ATP250,Outdoor,Hard,1st Round Qualifying,3,Maximilian Marterer,Daniel Masur,74,258,7,6,6,1,,,,,,,2,0,Completed,01:11:05,1.41,2.83,296,3,1,64%,75%,65%,71%,193,33%,67%,47%,225,5,4,58%,67%,33%,53%,120,25%,35%,29%
178,ASB Classic,1/5/2019,ATP250,Outdoor,Hard,1st Round Qualifying,3,Bradley Klahn,Philipp Oswald,76,N/A,7,6,6,4,,,,,,,2,0,Completed,01:15:42,2.69,1.48,309,9,3,66%,83%,64%,77%,121,31%,39%,35%,264,2,2,53%,69%,61%,65%,87,17%,36%,23%
179,ASB Classic,1/5/2019,ATP250,Outdoor,Hard,1st Round Qualifying,3,Mackenzie McDonald,Tim Puetz,78,317,6,2,7,6,,,,,,,2,0,Completed,01:18:47,1.29,3.51,330,11,1,72%,77%,71%,75%,136,33%,50%,40%,264,10,2,59%,67%,50%,60%,52,23%,29%,25%
180,ASB Classic,1/5/2019,ATP250,Outdoor,Hard,1st Round Qualifying,3,Pablo Cuevas,Stephane Robert,88,195,6,3,6,2,,,,,,,2,0,Completed,00:49:47,1.44,2.73,302,14,1,63%,77%,61%,71%,202,38%,64%,51%,192,2,7,49%,62%,36%,49%,173,23%,39%,29%
181,ASB Classic,1/5/2019,ATP250,Outdoor,Hard,1st Round Qualifying,3,Laslo Djere,Horacio Zeballos,93,173,7,5,6,2,,,,,,,2,0,Completed,01:09:58,1.65,2.22,315,9,2,61%,79%,68%,75%,206,33%,43%,38%,252,3,4,59%,67%,57%,63%,53,21%,32%,25%
182,ASB Classic,1/5/2019,ATP250,Outdoor,Hard,1st Round Qualifying,3,Thomas Fabbiano,Finn Tearney,101,N/A,6,3,6,4,,,,,,,2,0,Completed,01:19:49,1.07,8.51,266,1,0,63%,65%,57%,62%,177,34%,59%,42%,225,2,6,67%,66%,41%,58%,138,35%,43%,38%
183,ASB Classic,1/5/2019,ATP250,Outdoor,Hard,1st Round Qualifying,3,Ugo Humbert,Franko Skugor,102,357,6,3,6,4,,,,,,,2,0,Completed,01:11:04,1.25,3.86,299,11,1,57%,81%,61%,72%,212,41%,63%,47%,235,4,3,71%,59%,38%,53%,168,19%,39%,28%
184,ASB Classic,1/5/2019,ATP250,Outdoor,Hard,1st Round Qualifying,3,Roberto Marcora,Ajeet Rai,290,N/A,3,6,7,6,6,4,,,,,2,1,Completed,01:53:11,1.17,4.98,296,2,2,66%,70%,74%,72%,136,15%,59%,32%,277,4,2,62%,85%,41%,68%,119,30%,26%,28%
185,Australian Open,1/27/2019,Grand Slam,Outdoor,Hard,Final,5,Novak Djokovic,Rafael Nadal,1,2,6,3,6,2,6,3,,,,,3,0,Completed,,1.75,2.16,,,,,,,,,,,,,,,,,,,,,,
186,Australian Open,1/25/2019,Grand Slam,Outdoor,Hard,Semifinals,5,Novak Djokovic,Lucas Pouille,1,31,6,0,6,2,6,2,,,,,3,0,Completed,,1.06,10.97,,,,,,,,,,,,,,,,,,,,,,
187,Australian Open,1/24/2019,Grand Slam,Outdoor,Hard,Semifinals,5,Rafael Nadal,Stefanos Tsitsipas,2,15,6,2,6,4,6,0,,,,,3,0,Completed,,1.18,5.27,,,,,,,,,,,,,,,,,,,,,,
188,Australian Open,1/23/2019,Grand Slam,Outdoor,Hard,Quarterfinals,5,Novak Djokovic,Kei Nishikori,1,9,6,1,4,1,,,,,,,1,0,Retired,,1.10,7.70,,,,,,,,,,,,,,,,,,,,,,
189,Australian Open,1/23/2019,Grand Slam,Outdoor,Hard,Quarterfinals,5,Lucas Pouille,Milos Raonic,31,17,7,6,6,3,6,7,6,4,,,3,1,Completed,,5.67,1.16,,,,,,,,,,,,,,,,,,,,,,
190,Australian Open,1/22/2019,Grand Slam,Outdoor,Hard,Quarterfinals,5,Rafael Nadal,Frances Tiafoe,2,39,6,3,6,4,6,2,,,,,3,0,Completed,,1.05,12.15,,,,,,,,,,,,,,,,,,,,,,
191,Australian Open,1/22/2019,Grand Slam,Outdoor,Hard,Quarterfinals,5,Stefanos Tsitsipas,Roberto Bautista Agut,15,24,7,5,4,6,6,4,7,6,,,3,1,Completed,,2.00,1.86,,,,,,,,,,,,,,,,,,,,,,
192,Australian Open,1/21/2019,Grand Slam,Outdoor,Hard,4th Round,5,Novak Djokovic,Daniil Medvedev,1,19,6,4,6,7,6,2,6,3,,,3,1,Completed,,1.13,6.49,,,,,,,,,,,,,,,,,,,,,,
193,Australian Open,1/21/2019,Grand Slam,Outdoor,Hard,4th Round,5,Milos Raonic,Alexander Zverev,17,4,6,1,6,1,7,6,,,,,3,0,Completed,,2.16,1.74,,,,,,,,,,,,,,,,,,,,,,
194,Australian Open,1/21/2019,Grand Slam,Outdoor,Hard,4th Round,5,Kei Nishikori,Pablo Carreno Busta,9,23,6,7,4,6,7,6,6,4,7,6,3,2,Completed,,1.21,4.65,,,,,,,,,,,,,,,,,,,,,,
195,Australian Open,1/21/2019,Grand Slam,Outdoor,Hard,4th Round,5,Lucas Pouille,Borna Coric,31,12,6,7,6,4,7,5,7,6,,,3,1,Completed,,3.90,1.27,,,,,,,,,,,,,,,,,,,,,,
196,Australian Open,1/20/2019,Grand Slam,Outdoor,Hard,4th Round,5,Rafael Nadal,Tomas Berdych,2,57,6,0,6,1,7,6,,,,,3,0,Completed,,1.17,5.36,,,,,,,,,,,,,,,,,,,,,,
197,Australian Open,1/20/2019,Grand Slam,Outdoor,Hard,4th Round,5,Stefanos Tsitsipas,Roger Federer,15,3,6,7,7,6,7,5,7,6,,,3,1,Completed,,5.49,1.16,,,,,,,,,,,,,,,,,,,,,,
198,Australian Open,1/20/2019,Grand Slam,Outdoor,Hard,4th Round,5,Roberto Bautista Agut,Marin Cilic,24,7,6,7,6,3,6,2,4,6,6,4,3,2,Completed,,2.16,1.73,,,,,,,,,,,,,,,,,,,,,,
199,Australian Open,1/20/2019,Grand Slam,Outdoor,Hard,4th Round,5,Frances Tiafoe,Grigor Dimitrov,39,21,7,5,7,6,6,7,7,5,,,3,1,Completed,,3.07,1.40,,,,,,,,,,,,,,,,,,,,,,
200,Australian Open,1/19/2019,Grand Slam,Outdoor,Hard,3rd Round,5,Novak Djokovic,Denis Shapovalov,1,27,6,3,6,4,4,6,6,0,,,3,1,Completed,,1.05,11.99,,,,,,,,,,,,,,,,,,,,,,
201,Australian Open,1/19/2019,Grand Slam,Outdoor,Hard,3rd Round,5,Alexander Zverev,Alex Bolt,4,155,6,3,6,3,6,2,,,,,3,0,Completed,,1.06,11.12,,,,,,,,,,,,,,,,,,,,,,
202,Australian Open,1/19/2019,Grand Slam,Outdoor,Hard,3rd Round,5,Kei Nishikori,Joao Sousa,9,44,7,6,6,1,6,2,,,,,3,0,Completed,,1.15,5.77,,,,,,,,,,,,,,,,,,,,,,
203,Australian Open,1/19/2019,Grand Slam,Outdoor,Hard,3rd Round,5,Borna Coric,Filip Krajinovic,12,93,2,6,6,3,6,4,6,3,,,3,1,Completed,,1.16,5.61,,,,,,,,,,,,,,,,,,,,,,
204,Australian Open,1/19/2019,Grand Slam,Outdoor,Hard,3rd Round,5,Pablo Carreno Busta,Fabio Fognini,23,13,6,2,6,4,2,6,6,4,,,3,1,Completed,,2.10,1.77,,,,,,,,,,,,,,,,,,,,,,
205,Australian Open,1/19/2019,Grand Slam,Outdoor,Hard,3rd Round,5,Daniil Medvedev,David Goffin,19,22,6,2,7,6,6,3,,,,,3,0,Completed,,1.60,2.39,,,,,,,,,,,,,,,,,,,,,,
206,Australian Open,1/19/2019,Grand Slam,Outdoor,Hard,3rd Round,5,Milos Raonic,Pierre-Hugues Herbert,17,55,6,4,6,4,7,6,,,,,3,0,Completed,,1.17,5.41,,,,,,,,,,,,,,,,,,,,,,
207,Australian Open,1/19/2019,Grand Slam,Outdoor,Hard,3rd Round,5,Lucas Pouille,Alexei Popyrin,31,149,7,6,6,3,6,7,4,6,6,3,3,2,Completed,,1.49,2.69,,,,,,,,,,,,,,,,,,,,,,
208,Australian Open,1/18/2019,Grand Slam,Outdoor,Hard,3rd Round,5,Rafael Nadal,Alex de Minaur,2,29,6,1,6,2,6,4,,,,,3,0,Completed,,1.11,7.27,,,,,,,,,,,,,,,,,,,,,,
209,Australian Open,1/18/2019,Grand Slam,Outdoor,Hard,3rd Round,5,Roger Federer,Taylor Fritz,3,50,6,2,7,5,6,2,,,,,3,0,Completed,,1.06,10.71,,,,,,,,,,,,,,,,,,,,,,
210,Australian Open,1/18/2019,Grand Slam,Outdoor,Hard,3rd Round,5,Marin Cilic,Fernando Verdasco,7,28,4,6,3,6,6,1,7,6,6,3,3,2,Completed,,1.30,3.69,,,,,,,,,,,,,,,,,,,,,,
211,Australian Open,1/18/2019,Grand Slam,Outdoor,Hard,3rd Round,5,Roberto Bautista Agut,Karen Khachanov,24,11,6,4,7,5,6,4,,,,,3,0,Completed,,2.65,1.51,,,,,,,,,,,,,,,,,,,,,,
212,Australian Open,1/18/2019,Grand Slam,Outdoor,Hard,3rd Round,5,Stefanos Tsitsipas,Nikoloz Basilashvili,15,20,6,3,3,6,7,6,6,4,,,3,1,Completed,,1.36,3.30,,,,,,,,,,,,,,,,,,,,,,
213,Australian Open,1/18/2019,Grand Slam,Outdoor,Hard,3rd Round,5,Tomas Berdych,Diego Schwartzman,57,16,5,7,6,3,7,5,6,4,,,3,1,Completed,,1.26,4.08,,,,,,,,,,,,,,,,,,,,,,
214,Australian Open,1/18/2019,Grand Slam,Outdoor,Hard,3rd Round,5,Grigor Dimitrov,Thomas Fabbiano,21,102,7,6,6,4,6,4,,,,,3,0,Completed,,1.07,9.43,,,,,,,,,,,,,,,,,,,,,,
215,Australian Open,1/18/2019,Grand Slam,Outdoor,Hard,3rd Round,5,Frances Tiafoe,Andreas Seppi,39,35,6,7,6,3,4,6,6,4,6,3,3,2,Completed,,2.05,1.81,,,,,,,,,,,,,,,,,,,,,,
216,Australian Open,1/17/2019,Grand Slam,Outdoor,Hard,2nd Round,5,Novak Djokovic,Jo-Wilfried Tsonga,1,177,6,3,7,5,6,4,,,,,3,0,Completed,,1.07,9.62,,,,,,,,,,,,,,,,,,,,,,
217,Australian Open,1/17/2019,Grand Slam,Outdoor,Hard,2nd Round,5,Alexander Zverev,Jeremy Chardy,4,36,7,6,6,4,5,7,6,7,6,1,3,2,Completed,,1.12,6.77,,,,,,,,,,,,,,,,,,,,,,
218,Australian Open,1/17/2019,Grand Slam,Outdoor,Hard,2nd Round,5,Alexei Popyrin,Dominic Thiem,149,8,7,5,6,4,2,0,,,,,2,0,Retired,,5.07,1.18,,,,,,,,,,,,,,,,,,,,,,
219,Australian Open,1/17/2019,Grand Slam,Outdoor,Hard,2nd Round,5,Kei Nishikori,Ivo Karlovic,9,73,6,3,7,6,5,7,5,7,7,6,3,2,Completed,,1.17,5.21,,,,,,,,,,,,,,,,,,,,,,
220,Australian Open,1/17/2019,Grand Slam,Outdoor,Hard,2nd Round,5,Borna Coric,Marton Fucsovics,12,38,6,4,6,3,6,4,,,,,3,0,Completed,,1.29,3.74,,,,,,,,,,,,,,,,,,,,,,
221,Australian Open,1/17/2019,Grand Slam,Outdoor,Hard,2nd Round,5,Fabio Fognini,Leonardo Mayer,13,53,7,6,6,3,7,6,,,,,3,0,Completed,,1.59,2.41,,,,,,,,,,,,,,,,,,,,,,
222,Australian Open,1/17/2019,Grand Slam,Outdoor,Hard,2nd Round,5,Daniil Medvedev,Ryan Harrison,19,83,6,3,6,3,6,3,,,,,3,0,Completed,,1.20,4.78,,,,,,,,,,,,,,,,,,,,,,
223,Australian Open,1/17/2019,Grand Slam,Outdoor,Hard,2nd Round,5,Milos Raonic,Stan Wawrinka,17,59,6,7,7,6,7,6,7,6,,,3,1,Completed,,1.30,3.64,,,,,,,,,,,,,,,,,,,,,,
224,Australian Open,1/17/2019,Grand Slam,Outdoor,Hard,2nd Round,5,David Goffin,Marius Copil,22,60,5,7,7,5,6,4,6,4,,,3,1,Completed,,1.22,4.43,,,,,,,,,,,,,,,,,,,,,,
225,Australian Open,1/17/2019,Grand Slam,Outdoor,Hard,2nd Round,5,Pablo Carreno Busta,Ilya Ivashka,23,84,6,2,6,3,7,6,,,,,3,0,Completed,,1.63,2.30,,,,,,,,,,,,,,,,,,,,,,
226,Australian Open,1/17/2019,Grand Slam,Outdoor,Hard,2nd Round,5,Pierre-Hugues Herbert,Hyeon Chung,55,25,6,2,1,6,6,2,6,4,,,3,1,Completed,,2.28,1.65,,,,,,,,,,,,,,,,,,,,,,
227,Australian Open,1/17/2019,Grand Slam,Outdoor,Hard,2nd Round,5,Denis Shapovalov,Taro Daniel,27,82,6,3,7,6,6,3,,,,,3,0,Completed,,1.15,5.68,,,,,,,,,,,,,,,,,,,,,,
228,Australian Open,1/17/2019,Grand Slam,Outdoor,Hard,2nd Round,5,Lucas Pouille,Maximilian Marterer,31,71,7,6,7,6,5,7,6,4,,,3,1,Completed,,1.73,2.15,,,,,,,,,,,,,,,,,,,,,,
229,Australian Open,1/17/2019,Grand Slam,Outdoor,Hard,2nd Round,5,Alex Bolt,Gilles Simon,155,30,2,6,6,4,4,6,7,6,6,4,3,2,Completed,,6.03,1.14,,,,,,,,,,,,,,,,,,,,,,
230,Australian Open,1/17/2019,Grand Slam,Outdoor,Hard,2nd Round,5,Joao Sousa,Philipp Kohlschreiber,44,32,7,5,4,6,7,6,5,7,6,4,3,2,Completed,,2.97,1.41,,,,,,,,,,,,,,,,,,,,,,
231,Australian Open,1/17/2019,Grand Slam,Outdoor,Hard,2nd Round,5,Filip Krajinovic,Evgeny Donskoy,93,96,6,4,7,6,7,6,,,,,3,0,Completed,,1.39,3.08,,,,,,,,,,,,,,,,,,,,,,
232,Australian Open,1/16/2019,Grand Slam,Outdoor,Hard,2nd Round,5,Rafael Nadal,Matthew Ebden,2,48,6,3,6,2,6,2,,,,,3,0,Completed,,1.06,10.38,,,,,,,,,,,,,,,,,,,,,,
233,Australian Open,1/16/2019,Grand Slam,Outdoor,Hard,2nd Round,5,Roger Federer,Daniel Evans,3,189,7,6,7,6,6,3,,,,,3,0,Completed,,1.02,16.17,,,,,,,,,,,,,,,,,,,,,,
234,Australian Open,1/16/2019,Grand Slam,Outdoor,Hard,2nd Round,5,Frances Tiafoe,Kevin Anderson,39,6,4,6,6,4,6,4,7,5,,,3,1,Completed,,5.03,1.18,,,,,,,,,,,,,,,,,,,,,,
235,Australian Open,1/16/2019,Grand Slam,Outdoor,Hard,2nd Round,5,Marin Cilic,Mackenzie McDonald,7,81,7,5,6,7,6,4,6,4,,,3,1,Completed,,1.10,7.36,,,,,,,,,,,,,,,,,,,,,,
236,Australian Open,1/16/2019,Grand Slam,Outdoor,Hard,2nd Round,5,Karen Khachanov,Yoshihito Nishioka,11,69,6,3,6,3,6,3,,,,,3,0,Completed,,1.23,4.39,,,,,,,,,,,,,,,,,,,,,,
237,Australian Open,1/16/2019,Grand Slam,Outdoor,Hard,2nd Round,5,Stefanos Tsitsipas,Viktor Troicki,15,200,6,3,2,6,6,2,7,5,,,3,1,Completed,,1.12,6.65,,,,,,,,,,,,,,,,,,,,,,
238,Australian Open,1/16/2019,Grand Slam,Outdoor,Hard,2nd Round,5,Diego Schwartzman,Denis Kudla,16,62,6,4,7,5,3,6,6,7,6,4,3,2,Completed,,1.19,4.91,,,,,,,,,,,,,,,,,,,,,,
239,Australian Open,1/16/2019,Grand Slam,Outdoor,Hard,2nd Round,5,Nikoloz Basilashvili,Stefano Travaglia,20,137,3,6,6,3,3,6,6,4,6,3,3,2,Completed,,1.29,3.73,,,,,,,,,,,,,,,,,,,,,,
240,Australian Open,1/16/2019,Grand Slam,Outdoor,Hard,2nd Round,5,Grigor Dimitrov,Pablo Cuevas,21,94,6,3,6,7,6,3,7,5,,,3,1,Completed,,1.14,6.13,,,,,,,,,,,,,,,,,,,,,,
241,Australian Open,1/16/2019,Grand Slam,Outdoor,Hard,2nd Round,5,Roberto Bautista Agut,John Millman,24,37,6,3,6,1,3,6,6,7,6,4,3,2,Completed,,1.32,3.48,,,,,,,,,,,,,,,,,,,,,,
242,Australian Open,1/16/2019,Grand Slam,Outdoor,Hard,2nd Round,5,Fernando Verdasco,Radu Albot,28,98,6,1,7,6,6,3,,,,,3,0,Completed,,1.22,4.49,,,,,,,,,,,,,,,,,,,,,,
243,Australian Open,1/16/2019,Grand Slam,Outdoor,Hard,2nd Round,5,Alex de Minaur,Henri Laaksonen,29,166,6,4,6,2,6,7,4,6,6,3,3,2,Completed,,1.05,11.29,,,,,,,,,,,,,,,,,,,,,,
244,Australian Open,1/16/2019,Grand Slam,Outdoor,Hard,2nd Round,5,Taylor Fritz,Gael Monfils,50,33,6,3,6,7,7,6,7,6,,,3,1,Completed,,2.37,1.61,,,,,,,,,,,,,,,,,,,,,,
245,Australian Open,1/16/2019,Grand Slam,Outdoor,Hard,2nd Round,5,Tomas Berdych,Robin Haase,57,58,6,1,6,3,6,3,,,,,3,0,Completed,,1.12,6.77,,,,,,,,,,,,,,,,,,,,,,
246,Australian Open,1/16/2019,Grand Slam,Outdoor,Hard,2nd Round,5,Thomas Fabbiano,Reilly Opelka,102,97,6,7,6,2,6,4,3,6,7,6,3,2,Completed,,3.28,1.35,,,,,,,,,,,,,,,,,,,,,,
247,Australian Open,1/16/2019,Grand Slam,Outdoor,Hard,2nd Round,5,Andreas Seppi,Jordan Thompson,35,72,6,3,6,4,6,4,,,,,3,0,Completed,,1.70,2.18,,,,,,,,,,,,,,,,,,,,,,
248,Australian Open,1/15/2019,Grand Slam,Outdoor,Hard,1st Round,5,Novak Djokovic,Mitchell Krueger,1,230,6,3,6,2,6,2,,,,,3,0,Completed,,1.01,23.77,,,,,,,,,,,,,,,,,,,,,,
249,Australian Open,1/15/2019,Grand Slam,Outdoor,Hard,1st Round,5,Alexander Zverev,Aljaz Bedene,4,67,6,4,6,1,6,4,,,,,3,0,Completed,,1.12,6.70,,,,,,,,,,,,,,,,,,,,,,
250,Australian Open,1/15/2019,Grand Slam,Outdoor,Hard,1st Round,5,Dominic Thiem,Benoit Paire,8,61,6,4,6,3,5,7,1,6,6,3,3,2,Completed,,1.30,3.71,,,,,,,,,,,,,,,,,,,,,,
251,Australian Open,1/15/2019,Grand Slam,Outdoor,Hard,1st Round,5,Kei Nishikori,Kamil Majchrzak,9,176,3,6,6,7,6,0,6,2,3,0,2,2,Retired,,1.02,16.25,,,,,,,,,,,,,,,,,,,,,,
252,Australian Open,1/15/2019,Grand Slam,Outdoor,Hard,1st Round,5,Borna Coric,Steve Darcis,12,321,6,1,6,4,6,4,,,,,3,0,Completed,,1.16,5.43,,,,,,,,,,,,,,,,,,,,,,
253,Australian Open,1/15/2019,Grand Slam,Outdoor,Hard,1st Round,5,Fabio Fognini,Jaume Munar,13,79,7,6,7,6,3,1,,,,,2,0,Retired,,1.45,2.80,,,,,,,,,,,,,,,,,,,,,,
254,Australian Open,1/15/2019,Grand Slam,Outdoor,Hard,1st Round,5,Daniil Medvedev,Lloyd Harris,19,119,6,1,6,2,6,1,,,,,3,0,Completed,,1.18,5.09,,,,,,,,,,,,,,,,,,,,,,
255,Australian Open,1/15/2019,Grand Slam,Outdoor,Hard,1st Round,5,Milos Raonic,Nick Kyrgios,17,52,6,4,7,6,6,4,,,,,3,0,Completed,,1.78,2.08,,,,,,,,,,,,,,,,,,,,,,
256,Australian Open,1/15/2019,Grand Slam,Outdoor,Hard,1st Round,5,Filip Krajinovic,Marco Cecchinato,93,18,4,6,0,6,6,1,7,6,6,4,3,2,Completed,,1.65,2.30,,,,,,,,,,,,,,,,,,,,,,
257,Australian Open,1/15/2019,Grand Slam,Outdoor,Hard,1st Round,5,David Goffin,Christian Garin,22,89,6,0,6,2,6,2,,,,,3,0,Completed,,1.18,5.21,,,,,,,,,,,,,,,,,,,,,,
258,Australian Open,1/15/2019,Grand Slam,Outdoor,Hard,1st Round,5,Pablo Carreno Busta,Luca Vanni,23,163,6,7,2,6,6,3,7,5,6,4,3,2,Completed,,1.28,3.78,,,,,,,,,,,,,,,,,,,,,,
259,Australian Open,1/15/2019,Grand Slam,Outdoor,Hard,1st Round,5,Hyeon Chung,Bradley Klahn,25,78,6,7,6,7,6,3,6,2,6,4,3,2,Completed,,1.53,2.54,,,,,,,,,,,,,,,,,,,,,,
260,Australian Open,1/15/2019,Grand Slam,Outdoor,Hard,1st Round,5,Denis Shapovalov,Pablo Andujar,27,85,6,2,6,3,7,6,,,,,3,0,Completed,,1.11,7.08,,,,,,,,,,,,,,,,,,,,,,
261,Australian Open,1/15/2019,Grand Slam,Outdoor,Hard,1st Round,5,Lucas Pouille,Mikhail Kukushkin,31,56,6,1,7,5,6,4,,,,,3,0,Completed,,1.61,2.37,,,,,,,,,,,,,,,,,,,,,,
262,Australian Open,1/15/2019,Grand Slam,Outdoor,Hard,1st Round,5,Gilles Simon,Bjorn Fratangelo,30,133,7,6,6,4,6,2,,,,,3,0,Completed,,1.25,4.11,,,,,,,,,,,,,,,,,,,,,,
263,Australian Open,1/15/2019,Grand Slam,Outdoor,Hard,1st Round,5,Philipp Kohlschreiber,Zhe Li,32,261,6,2,6,2,6,4,,,,,3,0,Completed,,1.04,12.94,,,,,,,,,,,,,,,,,,,,,,
264,Australian Open,1/15/2019,Grand Slam,Outdoor,Hard,1st Round,5,Alex Bolt,Jack Sock,155,105,4,6,6,3,6,2,6,2,,,3,1,Completed,,3.21,1.37,,,,,,,,,,,,,,,,,,,,,,
265,Australian Open,1/15/2019,Grand Slam,Outdoor,Hard,1st Round,5,Jeremy Chardy,Ugo Humbert,36,95,3,6,7,6,6,4,6,7,7,6,3,2,Completed,,1.59,2.39,,,,,,,,,,,,,,,,,,,,,,
266,Australian Open,1/15/2019,Grand Slam,Outdoor,Hard,1st Round,5,Marius Copil,Marcel Granollers,60,108,6,3,6,4,6,4,,,,,3,0,Completed,,1.62,2.35,,,,,,,,,,,,,,,,,,,,,,
267,Australian Open,1/15/2019,Grand Slam,Outdoor,Hard,1st Round,5,Taro Daniel,Thanasi Kokkinakis,82,144,5,7,4,2,,,,,,,0,1,Retired,,3.83,1.28,,,,,,,,,,,,,,,,,,,,,,
268,Australian Open,1/15/2019,Grand Slam,Outdoor,Hard,1st Round,5,Evgeny Donskoy,Laslo Djere,96,92,6,7,6,4,6,1,7,6,,,3,1,Completed,,2.04,1.81,,,,,,,,,,,,,,,,,,,,,,
269,Australian Open,1/15/2019,Grand Slam,Outdoor,Hard,1st Round,5,Marton Fucsovics,Albert Ramos-Vinolas,38,64,6,3,6,4,6,7,6,3,,,3,1,Completed,,1.21,4.72,,,,,,,,,,,,,,,,,,,,,,
270,Australian Open,1/15/2019,Grand Slam,Outdoor,Hard,1st Round,5,Ryan Harrison,Jiri Vesely,83,90,6,0,7,5,6,3,,,,,3,0,Completed,,1.60,2.39,,,,,,,,,,,,,,,,,,,,,,
271,Australian Open,1/15/2019,Grand Slam,Outdoor,Hard,1st Round,5,Pierre-Hugues Herbert,Sam Querrey,55,49,5,7,7,6,6,3,6,1,,,3,1,Completed,,2.70,1.49,,,,,,,,,,,,,,,,,,,,,,
272,Australian Open,1/15/2019,Grand Slam,Outdoor,Hard,1st Round,5,Ilya Ivashka,Malek Jaziri,84,43,4,6,7,6,6,1,4,0,,,2,1,Retired,,1.43,2.90,,,,,,,,,,,,,,,,,,,,,,
273,Australian Open,1/15/2019,Grand Slam,Outdoor,Hard,1st Round,5,Ivo Karlovic,Hubert Hurkacz,73,76,6,7,7,6,7,6,7,6,,,3,1,Completed,,1.79,2.06,,,,,,,,,,,,,,,,,,,,,,
274,Australian Open,1/15/2019,Grand Slam,Outdoor,Hard,1st Round,5,Maximilian Marterer,Gleb Sakharov,71,252,6,3,6,1,6,3,,,,,3,0,Completed,,1.31,3.54,,,,,,,,,,,,,,,,,,,,,,
275,Australian Open,1/15/2019,Grand Slam,Outdoor,Hard,1st Round,5,Leonardo Mayer,Nicolas Jarry,53,45,7,6,7,6,4,6,6,3,,,3,1,Completed,,1.81,2.04,,,,,,,,,,,,,,,,,,,,,,
276,Australian Open,1/15/2019,Grand Slam,Outdoor,Hard,1st Round,5,Alexei Popyrin,Mischa Zverev,149,70,7,5,7,6,6,4,,,,,3,0,Completed,,1.44,2.85,,,,,,,,,,,,,,,,,,,,,,
277,Australian Open,1/15/2019,Grand Slam,Outdoor,Hard,1st Round,5,Joao Sousa,Guido Pella,44,65,7,6,4,6,7,6,4,6,6,2,3,2,Completed,,1.76,2.09,,,,,,,,,,,,,,,,,,,,,,
278,Australian Open,1/15/2019,Grand Slam,Outdoor,Hard,1st Round,5,Jo-Wilfried Tsonga,Martin Klizan,177,40,6,4,6,4,7,6,,,,,3,0,Completed,,1.30,3.67,,,,,,,,,,,,,,,,,,,,,,
279,Australian Open,1/15/2019,Grand Slam,Outdoor,Hard,1st Round,5,Stan Wawrinka,Ernests Gulbis,59,86,3,6,3,1,,,,,,,0,1,Retired,,1.25,4.10,,,,,,,,,,,,,,,,,,,,,,
280,Australian Open,1/14/2019,Grand Slam,Outdoor,Hard,1st Round,5,Rafael Nadal,James Duckworth,2,237,6,4,6,3,7,5,,,,,3,0,Completed,,1.05,11.68,,,,,,,,,,,,,,,,,,,,,,
281,Australian Open,1/14/2019,Grand Slam,Outdoor,Hard,1st Round,5,Roger Federer,Denis Istomin,3,101,6,3,6,4,6,4,,,,,3,0,Completed,,1.03,15.67,,,,,,,,,,,,,,,,,,,,,,
282,Australian Open,1/14/2019,Grand Slam,Outdoor,Hard,1st Round,5,Kevin Anderson,Adrian Mannarino,6,42,6,3,5,7,6,2,6,1,,,3,1,Completed,,1.06,10.20,,,,,,,,,,,,,,,,,,,,,,
283,Australian Open,1/14/2019,Grand Slam,Outdoor,Hard,1st Round,5,Marin Cilic,Bernard Tomic,7,88,6,2,6,4,7,6,,,,,3,0,Completed,,1.26,3.98,,,,,,,,,,,,,,,,,,,,,,
284,Australian Open,1/14/2019,Grand Slam,Outdoor,Hard,1st Round,5,Reilly Opelka,John Isner,97,10,7,6,7,6,6,7,7,6,,,3,1,Completed,,2.75,1.47,,,,,,,,,,,,,,,,,,,,,,
285,Australian Open,1/14/2019,Grand Slam,Outdoor,Hard,1st Round,5,Karen Khachanov,Peter Gojowczyk,11,63,3,6,6,3,6,4,6,2,,,3,1,Completed,,1.10,7.31,,,,,,,,,,,,,,,,,,,,,,
286,Australian Open,1/14/2019,Grand Slam,Outdoor,Hard,1st Round,5,Tomas Berdych,Kyle Edmund,57,14,6,3,6,0,7,5,,,,,3,0,Completed,,1.43,2.90,,,,,,,,,,,,,,,,,,,,,,
287,Australian Open,1/14/2019,Grand Slam,Outdoor,Hard,1st Round,5,Stefanos Tsitsipas,Matteo Berrettini,15,54,6,7,6,4,6,3,7,6,,,3,1,Completed,,1.41,3.03,,,,,,,,,,,,,,,,,,,,,,
288,Australian Open,1/14/2019,Grand Slam,Outdoor,Hard,1st Round,5,Diego Schwartzman,Rudolf Molleker,16,206,6,1,6,3,4,6,6,0,,,3,1,Completed,,1.13,6.34,,,,,,,,,,,,,,,,,,,,,,
289,Australian Open,1/14/2019,Grand Slam,Outdoor,Hard,1st Round,5,Nikoloz Basilashvili,Christopher Eubanks,20,170,6,4,4,6,7,6,6,3,,,3,1,Completed,,1.23,4.37,,,,,,,,,,,,,,,,,,,,,,
290,Australian Open,1/14/2019,Grand Slam,Outdoor,Hard,1st Round,5,Grigor Dimitrov,Janko Tipsarevic,21,N/A,4,6,6,3,6,1,6,4,,,3,1,Completed,,1.06,10.03,,,,,,,,,,,,,,,,,,,,,,
291,Australian Open,1/14/2019,Grand Slam,Outdoor,Hard,1st Round,5,Roberto Bautista Agut,Andy Murray,24,229,6,4,6,4,6,7,6,7,6,2,3,2,Completed,,1.21,4.54,,,,,,,,,,,,,,,,,,,,,,
292,Australian Open,1/14/2019,Grand Slam,Outdoor,Hard,1st Round,5,Fernando Verdasco,Miomir Kecmanovic,28,125,7,6,6,3,6,3,,,,,3,0,Completed,,1.47,2.75,,,,,,,,,,,,,,,,,,,,,,
293,Australian Open,1/14/2019,Grand Slam,Outdoor,Hard,1st Round,5,Alex de Minaur,Pedro Sousa,29,103,6,4,7,5,6,4,,,,,3,0,Completed,,1.05,11.65,,,,,,,,,,,,,,,,,,,,,,
294,Australian Open,1/14/2019,Grand Slam,Outdoor,Hard,1st Round,5,Gael Monfils,Damir Dzumhur,33,47,6,0,6,4,6,0,,,,,3,0,Completed,,1.54,2.55,,,,,,,,,,,,,,,,,,,,,,
295,Australian Open,1/14/2019,Grand Slam,Outdoor,Hard,1st Round,5,Andreas Seppi,Steve Johnson,35,34,6,4,4,6,6,4,6,3,,,3,1,Completed,,1.84,1.99,,,,,,,,,,,,,,,,,,,,,,
296,Australian Open,1/14/2019,Grand Slam,Outdoor,Hard,1st Round,5,Radu Albot,Michael Mmoh,98,107,3,6,6,3,6,4,6,2,,,3,1,Completed,,2.16,1.72,,,,,,,,,,,,,,,,,,,,,,
297,Australian Open,1/14/2019,Grand Slam,Outdoor,Hard,1st Round,5,Pablo Cuevas,Dusan Lajovic,94,46,6,4,7,5,6,1,,,,,3,0,Completed,,3.23,1.37,,,,,,,,,,,,,,,,,,,,,,
298,Australian Open,1/14/2019,Grand Slam,Outdoor,Hard,1st Round,5,Matthew Ebden,Jan-Lennard Struff,48,51,1,6,6,4,6,3,6,4,,,3,1,Completed,,2.37,1.61,,,,,,,,,,,,,,,,,,,,,,
299,Australian Open,1/14/2019,Grand Slam,Outdoor,Hard,1st Round,5,Daniel Evans,Tatsuma Ito,189,150,7,5,6,1,7,6,,,,,3,0,Completed,,1.33,3.39,,,,,,,,,,,,,,,,,,,,,,
300,Australian Open,1/14/2019,Grand Slam,Outdoor,Hard,1st Round,5,Thomas Fabbiano,Jason Kubler,102,130,6,4,7,6,2,6,6,3,,,3,1,Completed,,2.04,1.81,,,,,,,,,,,,,,,,,,,,,,
301,Australian Open,1/14/2019,Grand Slam,Outdoor,Hard,1st Round,5,Taylor Fritz,Cameron Norrie,50,68,6,3,7,6,6,2,,,,,3,0,Completed,,2.01,1.82,,,,,,,,,,,,,,,,,,,,,,
302,Australian Open,1/14/2019,Grand Slam,Outdoor,Hard,1st Round,5,Robin Haase,Guillermo Garcia-Lopez,58,100,7,5,6,4,7,5,,,,,3,0,Completed,,2.11,1.75,,,,,,,,,,,,,,,,,,,,,,
303,Australian Open,1/14/2019,Grand Slam,Outdoor,Hard,1st Round,5,Denis Kudla,Marc Polmans,62,169,5,7,1,6,6,2,6,3,6,2,3,2,Completed,,1.27,3.87,,,,,,,,,,,,,,,,,,,,,,
304,Australian Open,1/14/2019,Grand Slam,Outdoor,Hard,1st Round,5,Henri Laaksonen,Mirza Basic,166,99,6,4,7,6,4,6,6,3,,,3,1,Completed,,1.81,2.03,,,,,,,,,,,,,,,,,,,,,,
305,Australian Open,1/14/2019,Grand Slam,Outdoor,Hard,1st Round,5,Mackenzie McDonald,Andrey Rublev,81,87,6,4,6,4,2,6,6,4,,,3,1,Completed,,3.44,1.33,,,,,,,,,,,,,,,,,,,,,,
306,Australian Open,1/14/2019,Grand Slam,Outdoor,Hard,1st Round,5,John Millman,Federico Delbonis,37,80,6,3,3,6,7,6,6,2,,,3,1,Completed,,1.25,4.16,,,,,,,,,,,,,,,,,,,,,,
307,Australian Open,1/14/2019,Grand Slam,Outdoor,Hard,1st Round,5,Yoshihito Nishioka,Tennys Sandgren,69,41,6,4,7,6,4,6,6,4,,,3,1,Completed,,1.79,2.06,,,,,,,,,,,,,,,,,,,,,,
308,Australian Open,1/14/2019,Grand Slam,Outdoor,Hard,1st Round,5,Jordan Thompson,Feliciano Lopez,72,66,6,1,7,6,6,3,,,,,3,0,Completed,,1.31,3.55,,,,,,,,,,,,,,,,,,,,,,
309,Australian Open,1/14/2019,Grand Slam,Outdoor,Hard,1st Round,5,Frances Tiafoe,Prajnesh Gunneswaran,39,109,7,6,6,3,6,3,,,,,3,0,Completed,,1.30,3.67,,,,,,,,,,,,,,,,,,,,,,
310,Australian Open,1/14/2019,Grand Slam,Outdoor,Hard,1st Round,5,Stefano Travaglia,Guido Andreozzi,137,77,6,7,6,2,6,3,6,2,,,3,1,Completed,,1.45,2.85,,,,,,,,,,,,,,,,,,,,,,
311,Australian Open,1/14/2019,Grand Slam,Outdoor,Hard,1st Round,5,Viktor Troicki,Roberto Carballes Baena,200,75,6,1,1,6,2,6,6,1,6,4,3,2,Completed,,1.34,3.36,,,,,,,,,,,,,,,,,,,,,,
